userId,churned,total_workouts,sport_diversity,overall_avg_hr,total_active_minutes,avg_workout_duration,home_lat,home_lon
69,0,78,3,138.66443589743588,6428.55,82.41730769230769,55.24010824039578,11.763725923374295
2358,0,422,6,140.50197630331755,21509.566666666666,50.970537124802526,55.64503010362387,12.635269844904542
3808,1,170,3,138.1502117647059,16823.666666666668,98.96274509803922,41.88074195757508,-87.62078052386642
4101,1,63,3,134.29444444444442,4658.066666666667,73.93756613756614,55.480868333,9.976205
4434,1,486,3,126.86892592592594,37992.35,78.17355967078188,55.6590143032372,12.589365178719165
5197,1,143,4,122.12086713286713,9970.9,69.72657342657342,47.714416,12.552013
5703,0,45,4,150.64466666666667,3504.4166666666665,77.87592592592593,55.04173072054982,10.6124026235193
5844,1,232,5,114.34716379310345,18353.35,79.1092672413793,55.81950788386166,11.497993106022475
13653,0,326,2,159.35627607361963,23644.833333333332,72.530163599182,55.52220110781491,9.46093230508268
16786,1,241,2,143.46320331950207,17121.95,71.0454356846473,55.4562629,10.6630589
22260,1,65,1,153.51944615384613,9187.816666666666,141.35102564102561,56.150561,10.19931
28064,0,373,2,119.65291152815013,44737.73333333333,119.9403038427167,-34.076279,18.87427
34269,0,447,4,134.79568680089486,31189.13333333333,69.77434750186427,64.142414778471,-21.88431761227548
43169,0,27,2,157.68674074074076,2929.15,108.48703703703704,56.50255738757551,8.396615758538246
43462,1,5,4,135.20319999999998,672.1499999999999,134.42999999999998,57.62943444773555,13.291957760229709
50404,1,25,3,130.07399999999998,1003.9333333333334,40.157333333333334,55.71083307266235,37.61268105357885
56291,0,448,5,140.70368303571428,23857.65,53.25368303571429,55.92624194920063,12.340723229572175
56331,0,222,5,149.16258558558556,19975.183333333334,89.9783033033033,38.69548950344324,-0.4876586236059665
58536,0,437,8,142.50951487414187,39112.083333333336,89.50133485888635,55.76212277635932,12.46072567999363
65350,1,24,1,137.35524999999998,2733.8,113.90833333333335,56.19500088505447,10.246363067999482
65547,1,598,4,139.29551839464884,67136.8,112.26889632107024,56.23552076518536,9.087611809372902
68009,0,401,3,142.965216957606,20015.616666666665,49.914256026600164,56.23635593801737,10.23599079810083
68129,1,233,6,143.35412875536483,18824.88333333333,80.79349070100142,55.52203497849405,9.458306590095162
69228,1,5,1,157.8172,795.45,159.09,56.13916374742985,10.206864438951015
71988,1,38,2,151.4021052631579,2416.4666666666667,63.59122807017544,55.17474498599768,11.972632622346282
74718,1,50,3,136.98368,4062.9333333333334,81.25866666666667,55.66322822123766,12.52062477171421
80101,0,215,3,155.25312558139535,10537.433333333332,49.01131782945736,55.66123718395829,11.570666637271644
80118,1,206,5,121.09893203883496,12383.466666666667,60.11391585760518,50.3628945350647,18.836317313835025
80466,0,110,2,146.48363636363638,11138.6,101.26,51.8991688080132,21.626472249627117
81753,1,189,1,164.89645502645502,16041.833333333334,84.87742504409171,50.0384256,21.9811312
82119,1,198,3,143.4140202020202,17533.983333333334,88.55547138047139,53.83361684158445,-2.9924188926815987
90592,0,47,1,136.63936170212767,5605.35,119.26276595744682,50.343988398090005,18.226640140637755
95439,0,155,2,124.62020645161292,18987.25,122.4983870967742,57.2681522089988,9.956948272883892
96628,1,57,2,149.2235438596491,4374.1,76.73859649122808,28.227474885061383,-13.99208229035139
104216,1,31,2,153.24883870967741,2061.8333333333335,66.51075268817205,64.12043608725071,-21.853645127266645
109975,1,18,3,161.15733333333333,1201.8,66.76666666666667,52.39827107638121,16.980493292212486
114073,1,260,4,149.67357692307692,16039.15,61.68903846153846,52.01552772894502,-2.1331999730318785
118377,1,30,3,144.76513333333332,2736.65,91.22166666666666,55.60110901482403,13.428893918171523
126114,1,160,6,123.55519999999999,12944.533333333333,80.90333333333334,56.10696542076767,10.142733491957188
126898,0,366,8,137.27703825136612,40101.066666666666,109.56575591985428,59.46241082623601,24.832079485058784
127185,1,89,2,145.1685393258427,7921.8,89.00898876404494,52.18336000107229,-1.7268542759120464
127432,1,227,4,148.25191189427312,26554.4,116.9797356828194,56.485894080251455,8.301855158060789
136171,1,148,4,142.85918918918918,10668.766666666666,72.08626126126126,40.423048,-3.5449306
139383,1,465,4,138.00673548387095,68185.78333333333,146.63609318996413,55.450606,11.54227
139442,0,33,3,147.6772121212121,3423.0,103.72727272727273,55.79007967,9.69502483
140314,1,52,1,145.94423076923078,3520.8333333333335,67.70833333333334,52.2988617,16.2040573
141794,1,43,3,153.44525581395348,4916.633333333333,114.34031007751938,52.97885080799461,-1.181610468775034
147750,0,27,2,152.8885185185185,2637.9833333333336,97.70308641975309,55.60975243337453,12.974794171750546
150436,1,265,7,148.20043773584905,20122.85,75.93528301886792,21.27520035021007,-157.82494543120265
158177,1,4,1,163.89600000000002,284.6166666666667,71.15416666666667,41.64684059098363,-73.86267176829278
159106,1,397,3,146.6829571788413,47695.98333333333,120.14101595298068,55.23771,10.730441
171814,1,581,8,141.70260929432013,65508.53333333333,112.75134825014344,60.78006989322603,10.689215222373605
174288,1,29,4,135.28337931034483,1815.4333333333334,62.60114942528736,58.5582862,8.957207
182042,1,142,3,142.19760563380282,10746.199999999999,75.6774647887324,39.086129,-94.581773
185036,1,6,1,154.155,304.3833333333333,50.730555555555554,55.7422299,12.4090648
195134,1,7,1,132.8357142857143,691.7166666666667,98.81666666666668,51.54448631219566,-2.5516437739133835
196571,0,177,4,143.48237288135593,11290.15,63.78615819209039,46.409739553928375,20.317572858184576
196781,1,100,2,167.8208,5687.55,56.8755,56.929998,8.337201
200833,1,47,1,133.87059574468086,2718.8166666666666,57.84716312056737,52.02782087959349,8.537246659398079
203045,1,231,3,141.6798961038961,16809.433333333334,72.76810966810967,43.64155685529113,-116.40074838884176
212295,0,624,9,134.3232628205128,60442.566666666666,96.86308760683761,47.71661102771759,16.221103258430958
217473,0,320,5,136.49046249999998,26038.333333333332,81.36979166666666,61.16134196519852,10.70966999977827
221371,0,73,2,138.4855616438356,2583.1833333333334,35.38607305936073,53.77646801993251,-9.639823995530604
226851,1,19,1,145.78052631578947,1284.2833333333333,67.5938596491228,51.82561048306525,-2.2701782919466496
229190,1,79,1,148.8478481012658,5426.9,68.69493670886075,1.3828187249600887,103.84647882543504
240120,0,553,3,135.2789439421338,47854.61666666667,86.53637733574443,32.86076607182622,-96.68633359484376
244128,0,6,1,151.13199999999998,510.45,85.075,17.741180928424,-88.02455817349255
260784,0,368,3,142.99129347826087,34591.166666666664,93.99773550724638,55.57791846804321,9.727887120097876
277072,0,314,4,140.45108917197453,13119.966666666667,41.78333333333333,37.29533457197249,127.11512549780308
279317,1,38,5,136.88957894736842,2228.65,58.64868421052632,55.769941,12.608582
280024,1,52,1,168.27930769230767,1829.2166666666667,35.17724358974359,56.099031,10.219152
283321,1,147,6,148.75025850340137,9519.1,64.75578231292518,49.344604359939694,2.642048466950655
284803,1,10,1,152.14079999999998,888.4333333333333,88.84333333333333,1.3112668599933386,103.79727479070424
304412,1,2,2,152.91,131.76666666666665,65.88333333333333,59.364195,13.5037591
324779,1,231,3,151.67318614718616,20237.216666666667,87.60699855699856,32.73407679051161,35.21015603095293
331586,0,516,11,149.2408953488372,37276.666666666664,72.24160206718346,18.533500861376524,73.88774363324046
334217,1,32,3,140.04137500000002,2321.983333333333,72.56197916666666,52.6623256,-0.6322042
336611,0,153,3,146.8199346405229,11902.1,77.79150326797385,55.835903473198414,12.088185455650091
337104,0,131,6,148.31120610687023,14131.5,107.87404580152672,54.69489871524274,25.300883101299405
338866,1,91,1,137.30085714285715,10680.183333333332,117.36465201465201,37.63209806755185,126.53172341175376
340439,1,149,3,132.0508322147651,23044.616666666665,154.66185682326622,60.28158344328404,24.999335166066885
342794,1,87,2,150.5376091954023,9354.916666666666,107.52777777777777,59.13188765756786,10.214273370802402
355088,1,92,2,139.90891304347826,6588.883333333333,71.61829710144927,55.8062137,12.3556084
367324,1,110,3,137.14901818181818,8053.983333333334,73.2180303030303,55.77079595066607,12.490880331024528
368603,0,490,6,134.69688163265306,45825.96666666667,93.52238095238096,48.76854356378317,2.070096982643008
371523,1,78,2,151.38279487179489,6235.133333333333,79.93760683760684,55.5321897380054,12.214776333421469
386784,1,36,2,138.5995,5354.233333333334,148.7287037037037,59.3504636362195,17.99635791219771
407769,1,188,5,139.93908510638298,12665.383333333333,67.36906028368794,59.19597376137972,17.88133372552693
419148,0,356,1,134.88587640449438,57614.683333333334,161.83899812734083,43.84429212659597,10.47832628712058
429155,1,12,3,149.10833333333332,1005.0,83.75,55.71206144057214,12.516376990824938
430859,1,107,3,117.29773831775701,13877.783333333333,129.69890965732085,43.86807854287326,10.565145118162036
431375,0,214,1,141.73443925233644,10885.65,50.86752336448598,56.24163603410125,10.235447231680157
432096,0,575,7,132.4235095652174,45515.21666666667,79.15689855072463,58.88838314451277,5.722723100334406
433157,0,100,3,112.73704,5505.233333333334,55.05233333333334,60.46629301272333,22.315296549350023
434265,0,34,5,145.76500000000001,2556.366666666667,75.18725490196078,56.180357448756695,9.64134681969881
437459,1,195,5,122.87348717948719,15248.0,78.1948717948718,52.47562271542847,20.74280289933085
458903,1,214,6,140.354738317757,24025.716666666667,112.26970404984424,33.49300389178097,-112.07830754108728
478585,0,309,3,153.09190938511327,21060.716666666667,68.15765911542611,29.10452999174595,-81.35453685186803
498804,1,205,2,129.95965853658535,29586.25,144.3231707317073,40.91510605998337,9.48852770961821
501555,1,188,7,141.44096808510636,12439.033333333333,66.16507092198582,60.14775621704757,24.651418877765536
504709,1,6,1,157.14066666666668,417.28333333333336,69.54722222222223,32.660857094451785,-117.03343371860684
508935,1,741,3,138.73977327935222,99945.15,134.87874493927126,-23.61198,-46.643037
510054,0,717,4,139.65934449093444,58439.73333333333,81.50590423059042,56.48687,9.906972
517351,0,66,2,142.34042424242426,5567.583333333333,84.35732323232322,40.59688417240977,-4.148023584857583
519009,1,135,3,137.66294814814813,17615.7,130.48666666666668,38.98551852442324,-0.5355052929371595
519257,1,60,1,171.02993333333333,1947.25,32.454166666666666,56.4579974,10.0315324
525168,1,7,2,151.87514285714286,471.48333333333335,67.3547619047619,55.653947023674846,12.647879580035806
538524,0,485,1,133.01483298969072,22942.483333333334,47.304089347079035,52.58392830379307,-2.1223543770611286
556109,0,171,3,151.92122807017543,14821.983333333334,86.67826510721248,39.115045331418514,-77.16960104182363
584087,1,185,3,141.32516756756758,19276.466666666667,104.19711711711712,55.66966292448342,12.546723168343306
604703,1,311,4,127.5191768488746,20965.483333333334,67.41312968917471,56.46753461100161,9.419049443677068
645560,1,1,1,139.028,76.66666666666667,76.66666666666667,-21.973905,-46.78312
651716,0,415,5,122.29953734939758,21207.05,51.10132530120482,13.78803,100.578133
653747,1,504,3,129.4235238095238,64280.6,127.54087301587302,54.37991928309202,18.287358479574323
659522,1,62,2,135.95841935483872,4926.333333333333,79.45698924731182,63.144767973572016,21.56628741882741
681624,0,161,5,132.4896894409938,14839.95,92.17360248447206,13.811549255624412,100.55629064328969
709097,1,35,1,154.53422857142857,5130.566666666667,146.58761904761906,55.56257790885866,12.963462509214878
715469,0,170,2,150.40682352941175,17130.933333333334,100.77019607843138,31.195453321561217,121.46955898962916
722528,1,67,4,136.43647761194032,7671.683333333333,114.50273631840795,-30.2882188,30.3489565
732008,0,150,7,150.23453333333333,14248.333333333334,94.9888888888889,48.16963193938136,17.094301600009203
738963,1,7,2,140.74657142857143,471.3833333333333,67.3404761904762,44.44965932518244,-64.38096525147557
745030,0,386,4,150.0609689119171,22430.85,58.111010362694294,57.10735478438437,10.023431684821844
751448,1,391,1,151.83848593350382,32390.483333333334,82.84011082693947,55.21788622252643,14.726684940978885
753100,1,225,2,137.96408888888888,20021.9,88.98622222222222,56.96714918129146,9.82294754125178
757635,1,55,2,140.03490909090908,6446.483333333334,117.20878787878789,55.634693121537566,8.49496129900217
762872,0,318,3,153.24650943396227,24622.5,77.42924528301887,55.59004339389503,12.338556926697493
764981,1,246,1,144.42434146341463,12701.733333333334,51.63306233062331,37.52187721431255,126.92169623449443
775277,0,273,4,142.6684175824176,18167.3,66.54688644688645,47.53182400949299,19.108068756759167
776483,0,203,7,140.1396551724138,15030.666666666666,74.04269293924466,55.46135075390339,11.804115129634738
777141,0,328,3,139.19554268292683,42929.6,130.88292682926829,47.812802,13.774328
789985,0,188,5,126.34843617021278,21167.233333333334,112.59166666666667,49.89600853063166,1.6628126800060272
790873,1,8,3,135.79925,494.23333333333335,61.77916666666667,56.333365,-2.795538
791908,0,615,9,133.69004227642276,72099.88333333333,117.23558265582656,45.87851447984576,6.058803889900446
797841,0,1139,4,112.99744337137841,63411.53333333333,55.672988001170616,50.25438920594752,-5.239009084179997
804068,0,1001,2,136.48583416583418,120211.95,120.09185814185814,55.3945757355541,11.31976735778153
804189,1,103,8,140.15120388349516,10240.4,99.42135922330097,60.773578360676765,10.704084299504755
818925,0,104,2,152.3253653846154,6067.15,58.33798076923077,56.16518544964492,8.982768449932337
824320,1,65,2,136.5864,6631.633333333333,102.0251282051282,-33.776236614212394,151.2882216833532
838899,1,141,2,134.98876595744682,8582.933333333332,60.87186761229314,54.5481515,-1.9049436
843368,1,102,2,150.91501960784313,16033.783333333333,157.193954248366,51.697785,5.348742
843607,0,294,1,144.44092517006803,40032.36666666667,136.16451247165534,53.426939472556114,-2.314075492322445
846598,0,522,6,121.50453256704981,50464.21666666667,96.67474457215836,55.615638960152864,12.59044342674315
848177,0,12,2,153.2285,726.35,60.52916666666667,59.38997416757047,13.52388208732009
848299,1,4,1,147.8955,286.18333333333334,71.54583333333333,56.0847973,9.2935869
851531,0,482,7,132.41402074688796,52498.066666666666,108.91715076071922,46.50140563957393,0.4074912518262863
854368,0,62,2,151.01219354838707,6967.583333333333,112.38037634408602,55.71275336667895,12.40872980095446
854633,0,262,4,130.25161832061067,16074.05,61.351335877862596,51.190873,-2.547837
857962,1,4,1,154.4005,667.2,166.8,50.88172545656562,0.0128176063299179
860533,0,781,3,148.91206145966711,51951.36666666667,66.51903542466923,-25.7242527,28.22140312
863013,1,47,5,146.13982978723405,3574.1833333333334,76.04645390070922,51.9080286,-8.976296
866771,1,1,1,157.862,67.86666666666666,67.86666666666666,39.4817979,-0.3835768
875281,1,57,1,146.00277192982455,4261.65,74.76578947368421,50.70301942527294,5.450158193707466
885462,1,222,1,151.11627927927927,8517.383333333333,38.36659159159159,55.66004502587021,12.601611893624067
890789,0,556,4,132.27719064748203,30896.45,55.569154676259,48.82330966182053,2.5452519860118628
891479,1,71,1,124.53628169014084,8128.716666666666,114.48896713615022,53.404442,-2.840111
897592,1,23,1,144.1564347826087,1810.6,78.72173913043478,52.2700224,4.7466269
903587,1,45,3,128.3304,4207.233333333334,93.49407407407408,50.63708033412695,7.762720752507448
907015,0,186,3,116.98530107526882,11894.083333333334,63.94668458781362,55.39882846176624,11.383149549365044
942798,1,17,3,155.71811764705882,1325.6666666666667,77.98039215686275,55.6818293,12.4736435
947554,1,291,4,144.5948591065292,32425.05,111.42628865979381,56.8364111892879,24.492265982553363
954504,1,88,4,141.7424090909091,5035.05,57.216477272727275,55.70302214473486,12.498934417963028
971189,0,125,6,149.67088,9027.25,72.218,22.62204721570015,97.3001803457737
971350,1,317,3,134.0252807570978,38487.683333333334,121.41225026288119,44.23414031043649,-76.49546368047595
977853,1,7,2,119.57657142857143,905.8833333333333,129.41190476190476,54.75972066633403,11.85787908732891
982359,1,303,8,149.58716171617164,19933.266666666666,65.78635863586358,57.034516129642725,9.881116524338722
983950,0,398,2,143.519959798995,24204.7,60.81582914572864,43.769500153139234,11.219443352892997
993057,0,208,5,138.04816346153845,14991.616666666667,72.07508012820513,50.244545666500926,-5.21997663192451
993718,0,410,5,138.6421512195122,35430.7,86.41634146341462,55.694649294018745,9.309118520468472
1009668,0,52,1,150.03523076923076,2656.4333333333334,51.08525641025641,52.241002433002,21.159168491140008
1023513,0,144,3,156.37116666666668,8751.55,60.774652777777774,36.72176353633404,-4.444715045392513
1034368,1,55,1,155.72552727272728,5178.266666666666,94.15030303030302,57.045711586251855,9.870771830901504
1035156,0,100,6,154.63182,7660.8,76.608,55.77022329904139,12.46819387190044
1038205,1,42,2,140.98514285714288,3171.0166666666664,75.50039682539682,36.635034,-4.492048
1040960,1,224,1,5.705723214285714,31894.88333333333,142.3878720238095,24.085001666667,120.55561166667
1041230,1,74,3,144.73081081081082,10048.166666666666,135.78603603603602,55.699114,12.493955
1048979,1,58,4,135.92341379310344,4624.05,79.72500000000001,55.6363425,8.2760954
1049894,0,396,2,130.83711616161617,31485.466666666667,79.50875420875421,37.553705,127.032448
1052460,1,62,2,166.92187096774194,4464.466666666666,72.00752688172042,55.3952198009938,10.39236282929778
1055288,0,245,4,131.9019836734694,33980.299999999996,138.6951020408163,56.16945208981633,9.543168162927032
1055977,0,74,2,153.172,4285.766666666666,57.91576576576576,51.37301646173,21.050131246447563
1058434,0,209,4,152.1408038277512,16574.016666666666,79.30151515151515,55.65082903951407,12.083329567685723
1060751,0,339,3,128.17614749262538,32797.36666666667,96.74739429695182,39.55129933543503,-0.4523622617125511
1063624,0,1261,6,136.0796923076923,87007.7,68.99896907216494,48.97198903374374,21.25894851051271
1066105,1,45,1,152.4649777777778,4266.116666666667,94.80259259259259,36.741275852546096,-4.102057311683893
1069797,0,96,5,144.7930625,6734.433333333333,70.15034722222222,56.461736764758825,10.03805668093264
1081719,1,22,1,144.809,1748.9166666666667,79.49621212121212,56.3435616,8.6576374
1086745,0,292,3,146.26424657534247,25241.866666666665,86.44474885844748,38.90151266008616,1.4144109562039375
1290266,1,85,3,137.55343529411763,10053.55,118.2770588235294,43.33090927451849,-5.720199979841709
1290773,0,253,3,139.95815019762844,26159.15,103.39584980237154,56.46814967505634,9.421121701598167
1295505,1,378,1,159.0735343915344,22127.38333333333,58.538051146384475,59.84651698730886,17.60449874214828
1295675,0,81,2,148.13064197530863,5076.633333333333,62.67448559670782,31.336665842682123,-85.37093731574714
1296384,1,9,1,126.92266666666667,1489.25,165.47222222222223,53.063670471310616,-3.0316745303571224
1314596,1,5,1,136.0156,483.71666666666664,96.74333333333333,-37.68369077704847,144.8907961975783
1320822,1,61,4,147.1402295081967,9511.333333333334,155.9234972677596,55.535194,8.480337
1329120,0,47,3,144.7664680851064,5740.866666666667,122.14609929078014,-8.683114992454648,115.15989647246896
1333222,0,162,3,144.42793827160494,17338.233333333334,107.0261316872428,52.00657535344362,-0.7691297214478254
1340801,1,5,1,144.6612,817.75,163.55,47.68831213004887,-122.14927660301328
1342020,1,261,2,148.34747892720307,28999.0,111.10727969348659,-22.95503701083362,-43.19029815495014
1343759,1,2,1,148.117,147.18333333333334,73.59166666666667,60.24088083766401,24.043511794880036
1356350,0,114,4,140.72217543859648,12041.533333333333,105.62748538011695,57.54326521418989,25.403923764824867
1362730,1,215,3,116.27922790697674,22802.716666666667,106.05914728682171,53.432977,14.469251
1367691,1,110,4,152.11116363636364,10684.916666666666,97.13560606060605,59.690103,10.818571
1367925,0,50,3,149.60628,4387.916666666667,87.75833333333334,52.22026535309851,0.144209386780858
1368888,1,40,3,132.53675,4639.0,115.975,44.228620659559965,-88.39681844227016
1377236,0,229,2,159.91111790393015,14087.4,61.51703056768559,40.50280225463212,-3.702905802056194
1384698,1,61,2,135.59111475409836,3596.3333333333335,58.95628415300547,55.2464516,9.4787354
1412034,1,10,1,145.3224,635.4833333333333,63.54833333333333,40.82568640820682,-89.61960811167955
1412615,1,124,1,137.22069354838712,11679.233333333334,94.18736559139785,-29.14508239366114,26.158884884789583
1413935,0,270,5,145.16362962962964,19458.033333333333,72.06679012345678,54.750948,25.276541
1417260,0,69,5,156.78272463768116,5174.166666666667,74.98792270531402,53.1557600107044,-2.199373422190547
1423027,1,116,2,99.08955172413793,12576.916666666666,108.42169540229885,44.83369776047766,11.290773851796985
1428766,1,121,3,146.8847438016529,17208.683333333334,142.22052341597796,49.467880949378014,0.5819518491625786
1429328,1,88,3,120.30675000000001,7598.733333333334,86.34924242424243,59.24323587678373,10.975551344454288
1458980,1,23,2,164.32860869565218,2283.3166666666666,99.27463768115942,45.90165825560689,9.432196794077754
1468536,1,217,3,146.62713364055298,22405.55,103.25138248847927,58.866640739142895,5.736718866974115
1470078,1,140,3,146.2551,10290.4,73.50285714285714,56.27895939163864,10.50138020887971
1477239,1,264,2,122.22218939393939,40101.28333333333,151.8988005050505,24.160640258342028,54.74782867357135
1478830,1,21,1,141.0784761904762,2760.15,131.43571428571428,44.59934687241912,8.021844606846571
1481127,0,101,3,134.78978217821782,8131.349999999999,80.50841584158415,52.19442117959261,20.88994125835597
1483178,0,314,6,140.39826751592355,18120.416666666668,57.708333333333336,50.09309615939856,14.435572056099772
1486987,0,107,4,137.52938317757008,8120.116666666667,75.88894080996884,40.72082770988345,-99.11615277640522
1491659,1,19,1,148.906,1592.0166666666667,83.79035087719298,38.94475657492876,-94.67961402609944
1493217,1,4,1,163.0735,122.71666666666667,30.679166666666667,55.3546039480716,10.444535566493869
1517642,1,60,1,172.87206666666668,6417.116666666667,106.95194444444445,51.60814896225929,4.744300190359354
1520156,0,751,4,147.3470412782956,71817.56666666667,95.62924988903684,55.9286321,23.320996
1530732,1,36,2,140.84722222222223,2762.3166666666666,76.73101851851851,44.12246595136821,5.179810049012303
1534965,0,13,6,143.1390769230769,982.8833333333333,75.60641025641026,43.5031084343791,6.937094824388623
1541269,1,1,1,142.534,131.43333333333334,131.43333333333334,55.4664971,8.445777
1543833,1,119,1,157.38657142857144,8962.916666666666,75.31862745098039,-26.246022060513496,27.97516694292426
1582750,1,7,4,149.94457142857144,605.5833333333333,86.51190476190474,56.14484860561788,10.198234850540755
1586927,1,5,2,140.5408,500.43333333333334,100.08666666666667,56.1172373,10.2050927
1589193,0,125,3,152.97739199999998,14448.133333333333,115.58506666666666,55.40203328244388,11.609427910298107
1593295,0,206,3,153.2767572815534,23536.1,114.25291262135921,42.86349814385176,-4.4970266707241535
1593645,0,285,2,131.92214736842104,25129.033333333333,88.17204678362573,43.1110524572432,-89.20050817541778
1598505,0,293,2,136.49447781569964,27906.616666666665,95.24442548350397,40.39108472876251,-3.695675069466233
1599388,1,221,1,139.7966696832579,27764.183333333334,125.62978883861237,57.036831,9.909576
1601558,0,228,5,137.4448596491228,12179.933333333332,53.420760233918124,51.0796772595495,17.064891094341874
1603116,0,86,1,153.8376046511628,4922.133333333333,57.23410852713178,55.440942,11.743554
1609501,0,164,4,147.28452439024392,13556.383333333333,82.66087398373983,55.69154069758952,12.53456831909716
1609921,1,3,1,154.45866666666666,203.98333333333335,67.99444444444445,52.54460494033992,13.409465672448276
1616449,1,321,4,130.93952647975078,22524.616666666665,70.17014537902388,57.03750712797046,9.952993774786592
1638160,0,34,1,156.61064705882353,2815.1666666666665,82.79901960784314,-19.477567356079817,-42.54727592691779
1655221,0,406,4,137.78614778325124,32001.933333333334,78.8224958949097,50.05098639987409,19.93479162454605
1663599,0,228,4,131.94305263157895,18801.583333333332,82.46308479532163,37.48266549780965,126.87625617720188
1668573,1,81,4,147.04493827160493,6074.716666666666,74.99650205761316,59.318172354251146,25.65372903831303
1670340,1,319,3,138.144,27989.266666666666,87.74064785788924,55.6541935,9.3938017
1675394,0,445,4,138.0200404494382,33893.61666666667,76.1654307116105,43.309026,-79.800172
1676051,0,130,5,139.64000000000001,9947.366666666667,76.51820512820512,35.265763169154525,-106.67419692501426
1676449,1,25,5,141.22456,2230.0499999999997,89.20199999999998,44.4673295,-89.5373347
1682336,0,414,2,125.36457487922705,41112.8,99.30628019323672,-8.03771909326315,-34.91363078355789
1706844,0,674,6,114.19290504451038,72505.11666666667,107.57435707220574,43.350126,11.462422
1707239,0,119,4,136.53329411764705,7840.716666666666,65.88837535014005,56.16037893109024,9.535550773143768
1708694,0,91,4,151.91134065934068,9764.216666666667,107.29908424908426,55.6642275955528,12.572869677096604
1721981,1,146,2,145.07597260273974,16676.866666666665,114.22511415525113,44.2964636,86.0247169
1725447,1,81,5,149.23790123456791,6682.3,82.49753086419753,41.42433609813452,2.1348849032074213
1731481,0,187,2,155.73524064171124,19106.2,102.17219251336898,56.654399,9.774875
1732973,1,210,2,137.73685714285716,20149.15,95.94833333333334,1.3815938774496317,103.93964166752994
1737182,0,348,4,133.61513793103447,46221.51666666666,132.82045019157087,40.1069635245949,-3.6557620391249657
1737346,1,2,1,150.43,87.88333333333333,43.94166666666666,52.2183684,21.2454983
1739586,0,41,1,152.96463414634147,4422.3,107.8609756097561,37.56570719182491,127.01630202122033
1749538,0,70,3,145.96774285714287,5907.466666666666,84.39238095238095,55.62455604784191,12.190169915556908
1760006,0,126,2,153.76109523809524,5077.05,40.29404761904762,51.822262,-0.805553
1771619,0,54,3,137.58792592592593,7710.05,142.7787037037037,-0.9318039380013944,100.40998402051628
1779490,1,38,2,135.60357894736842,4222.5,111.11842105263158,53.29411095008254,-3.8410462718456975
1796601,1,261,2,128.5863908045977,30553.25,117.06226053639847,49.48709461838007,19.037851877510548
1812737,1,79,1,151.57896202531646,5081.766666666666,64.32616033755274,51.47224134765565,-0.3261977713555097
1816756,1,103,5,134.47601941747573,9365.183333333332,90.92411003236245,13.72023370116949,100.47569369897246
1818822,1,49,1,161.5217551020408,4450.05,90.81734693877551,40.08993158116937,-8.334085838869214
1818866,1,125,10,147.20179199999998,11557.8,92.46239999999999,58.9543170388788,5.693703694269061
1820027,1,136,3,152.40550000000002,9963.65,73.26213235294118,54.34960277751088,18.666464500129223
1842744,0,386,7,132.85566321243525,38606.05,100.01567357512954,55.83979938179255,12.414242327213287
1847703,1,40,3,154.4441,5782.7,144.5675,50.020254,14.495228
1853801,1,29,1,147.57420689655171,1977.4666666666667,68.18850574712644,57.14166535064578,-2.116348072886467
1860957,1,44,3,162.7269090909091,3583.333333333333,81.43939393939394,55.6830816809088,11.07016316615045
1861050,1,2,1,124.003,161.28333333333333,80.64166666666667,39.934150306507945,-83.13832998275757
1875839,1,41,2,132.67653658536585,6760.099999999999,164.88048780487804,54.629348,-1.56654
1878236,1,121,4,145.1496694214876,10261.183333333332,84.80316804407713,56.255857441574335,9.868747936561704
1882312,1,74,3,133.28516216216218,9397.583333333334,126.99436936936938,57.5473952293396,25.45287676155567
1891382,0,143,1,133.6492167832168,17472.95,122.18846153846154,56.150810066610575,9.274328257888556
1896530,1,79,1,149.70106329113923,8714.016666666666,110.30400843881856,55.694275964051485,9.533910267055036
1905237,1,4,1,115.14,578.8666666666667,144.71666666666667,34.77298957295716,32.42555050179362
1907590,1,135,4,133.09154074074075,13303.666666666666,98.54567901234567,50.89692687615752,4.372315015643835
1912029,0,260,5,162.8834230769231,16876.6,64.91,50.203120708465576,14.800209570676088
1932580,1,122,2,136.66275409836067,12210.516666666666,100.08620218579235,56.04150954633951,9.92496351711452
1939033,1,4,1,154.7615,204.2,51.05,55.889300890266895,12.50024258159101
1956196,1,437,4,136.17621967963387,32881.53333333333,75.24378337147216,60.23874336853624,10.397294405847788
1956847,1,23,3,130.95782608695652,1873.7833333333333,81.46884057971015,42.556941,-71.34876
1957863,1,32,3,137.8055,3634.133333333333,113.56666666666666,38.1089769,-2.5542314
1958069,0,63,2,143.31755555555554,4118.716666666666,65.37645502645502,36.612387243658304,-5.805021403357387
1958991,1,207,1,155.5057391304348,28894.933333333334,139.5890499194847,50.08938616141677,18.99820514023304
1986853,1,189,3,145.88578835978836,14814.95,78.38597883597885,56.669291,9.011733
1998312,0,656,6,124.85964939024389,106473.88333333333,162.30774898373983,50.83442503586412,4.746942166239023
2016429,1,25,2,157.04312,1394.55,55.782,51.69003278017044,-0.1812307443469762
2020266,1,15,1,151.48026666666667,2640.0166666666664,176.0011111111111,37.4823469016701,126.97524963878097
2033976,1,56,1,163.60225,3229.1666666666665,57.663690476190474,-15.84421517327428,-47.99583745189011
2060912,1,222,4,144.71768468468468,11760.1,52.97342342342343,52.881065933033824,-1.1424719262868166
2071522,0,196,6,144.77038775510204,13741.066666666666,70.10748299319728,55.67012761719525,12.575136311352251
2076057,0,201,1,142.45652736318408,15072.233333333334,74.98623548922056,55.25791190564632,9.276794716715813
2083091,1,32,4,130.9956875,2186.6666666666665,68.33333333333333,36.5784633345902,31.88609724864364
2102320,0,640,4,124.922265625,95717.81666666667,149.55908854166665,55.75943872332573,12.3258157633245
2104631,0,200,2,143.86964,13871.683333333332,69.35841666666666,52.3656614497304,5.182540956884623
2115539,0,397,6,130.55218639798488,15309.966666666667,38.56414777497901,54.18819213286042,19.424132388085127
2119401,0,309,3,138.39675080906147,23822.1,77.09417475728155,55.54378593340516,-5.116452751681209
2122136,1,175,5,142.52712,12927.316666666666,73.87038095238094,51.451526898890734,-0.2555759623646736
2145516,0,541,5,122.84223290203327,52281.15,96.63798521256932,15.504836104810238,120.51471881568432
2145864,1,70,1,129.93834285714286,9240.783333333333,132.01119047619048,45.762592,4.863858
2149070,1,37,3,142.36810810810812,4718.316666666667,127.52207207207206,21.9605178,120.762251
2155614,0,238,2,134.31117647058824,21685.766666666666,91.11666666666666,39.47348057292402,-0.7114455476403236
2155974,0,89,3,109.20568539325843,4716.566666666667,52.99513108614232,35.6997761875,139.7417194024
2159610,0,407,9,129.56313022113022,49117.73333333333,120.68239148239148,37.54021883010864,-77.43268668651581
2164708,0,107,3,144.04046728971963,7060.266666666666,65.98380062305296,56.027248576283455,9.924874836578963
2171721,1,16,2,151.3635,1502.3833333333332,93.89895833333333,-8.490611,115.347326
2174810,0,143,4,157.21376223776224,11190.133333333333,78.25268065268065,44.97592214494944,-93.30974894575776
2175400,1,138,1,154.54433333333333,12621.449999999999,91.45978260869565,43.48205024376512,-80.50610275939107
2181290,1,51,1,147.28498039215685,2623.0666666666666,51.43267973856209,56.107749,10.177526
2183651,1,15,2,135.28786666666667,932.8666666666667,62.19111111111111,43.63410584628582,1.3742377515882254
2207788,1,79,4,147.60518987341771,4770.166666666667,60.38185654008439,55.65242906101048,12.181181414052844
2209215,1,21,1,163.60676190476192,1124.6833333333334,53.55634920634921,52.6346191,-8.6947654
2218816,1,57,1,142.99456140350875,2240.5166666666664,39.307309941520465,39.788672821596265,8.860488552600145
2226932,1,339,3,103.56128023598819,18771.416666666668,55.37291052114061,48.871106,2.396143
2228208,1,52,1,134.59984615384616,4341.733333333334,83.4948717948718,35.205818,129.068049
2232554,1,73,2,158.07150684931506,6611.816666666667,90.57283105022832,-23.1577869,-46.9611571
2232580,1,17,2,159.7795294117647,1321.85,77.75588235294117,55.77273124828935,12.51062591560185
2237368,1,72,3,146.7626111111111,6778.183333333333,94.14143518518519,55.483450312167406,9.473374569788575
2246153,1,29,2,134.18206896551723,2850.15,98.28103448275863,45.054883,6.031038
2247009,1,15,1,141.8568,1539.7166666666667,102.64777777777778,55.536261247470975,8.439622800797224
2248203,1,246,4,153.0380162601626,29692.7,120.7020325203252,53.08084490709007,18.24514570645988
2255294,0,144,1,139.553875,13987.333333333332,97.13425925925925,59.38608538359404,24.700743528082967
2255761,0,4,1,159.813,146.46666666666667,36.61666666666667,55.40320667,10.359755
2282039,0,493,3,144.6768884381339,40418.583333333336,81.98495605138608,55.0394937582314,10.653033228591084
2315790,1,107,2,151.5421308411215,6696.883333333333,62.587694704049845,56.970884911715984,24.159627221524715
2333172,0,742,5,142.68827223719677,55576.26666666666,74.9006289308176,49.70318,19.003786
2336853,1,128,1,143.30809375,11013.216666666667,86.04075520833334,36.7600033711642,-108.15625260584056
2344846,0,234,5,123.59307692307692,28642.683333333334,122.40462962962964,41.73454052768648,1.8312655482441187
2357848,1,99,2,134.47230303030304,15478.133333333333,156.34478114478114,55.64892509020865,12.610811283811929
2359422,1,10,3,152.6186,977.3,97.72999999999999,55.7048268,12.5750871
2368480,1,48,3,150.34695833333333,4323.433333333333,90.07152777777777,37.38541094586253,-5.9859224036335945
2369854,1,180,3,151.32692222222224,11847.083333333334,65.81712962962963,48.07042356580496,6.867674058303237
2390403,1,179,1,160.80451396648044,10509.683333333332,58.7133147113594,40.3255832567811,-3.777835993096232
2404531,1,71,2,166.5105633802817,7750.516666666666,109.16220657276995,55.55915876291692,12.928840722888708
2419254,0,180,2,119.39081111111112,20544.6,114.13666666666666,37.48579194769263,126.80399981327356
2435099,1,144,3,150.45695833333332,13040.233333333334,90.55717592592593,-22.9857401,-43.1889018
2445737,0,35,2,135.5922857142857,2149.1666666666665,61.4047619047619,59.00180160999298,5.717517267912626
2461936,1,655,2,133.34770381679388,43560.1,66.50396946564885,57.02505924738944,9.877516329288484
2464640,1,2,1,160.50900000000001,141.71666666666667,70.85833333333333,46.08859078958631,-64.77702593430877
2474684,1,151,5,138.13025165562914,19090.88333333333,126.42969094922736,48.81008427590132,2.2496030665934086
2474825,1,318,6,139.02431446540882,26066.616666666665,81.97049266247379,50.381325,13.248407
2479025,0,385,4,144.1875168831169,33611.7,87.30311688311687,56.17924139834941,9.58682262338698
2482049,0,143,3,150.915020979021,9039.35,63.21223776223776,13.863509260118008,100.50046306103468
2484383,1,42,2,153.09871428571427,2729.4833333333336,64.98769841269842,37.3496941,-6.04212
2484395,1,367,4,149.19641416893734,29011.316666666666,79.04990917347865,19.64011383242905,-155.9969217516482
2486861,0,781,4,130.02177976952623,110830.76666666666,141.9087921468203,37.28640298359096,-5.942328795790672
2487889,0,147,3,140.14280272108843,10435.766666666666,70.99160997732426,39.416653867810965,-76.94345980882645
2497422,0,274,5,128.30734306569343,46857.683333333334,171.01344282238443,44.57195648923516,10.857699774205685
2535101,1,297,4,136.82917171717173,26029.95,87.6429292929293,54.053995,-2.822843
2568526,0,308,4,150.62900000000002,24437.083333333332,79.34117965367965,50.49177149310708,2.5762543827295303
2576672,1,47,5,142.81302127659575,5782.0,123.02127659574468,60.390649773180485,5.316748218610883
2582984,0,91,4,135.53393406593406,12823.316666666666,140.91556776556774,42.520554,-0.369061
2584821,0,197,7,142.6816954314721,13027.8,66.13096446700507,55.65922636538744,12.298720926046371
2587134,0,275,6,146.0779709090909,15511.166666666666,56.40424242424242,59.84682929702103,30.362193658947945
2587574,0,212,6,137.33972641509433,17466.433333333334,82.38883647798743,55.74048640206456,12.558538634330034
2594030,1,60,1,147.83733333333333,5792.433333333333,96.54055555555556,55.825719963759184,37.36859617754817
2595849,0,175,4,151.78894857142856,24580.966666666667,140.46266666666668,48.88090909458697,5.516906222328544
2596923,1,52,4,149.14565384615383,3128.9333333333334,60.17179487179487,47.2599256,-1.5214414
2600099,1,606,10,115.80723762376238,43196.86666666667,71.28195819581958,59.0097886,5.6489195
2612870,1,179,4,158.7455754189944,14048.633333333333,78.48398510242086,45.6940298806876,5.902897138148546
2625706,1,38,2,143.2595263157895,2969.0166666666664,78.13201754385965,58.45812496729195,8.746425686404109
2636715,0,137,4,151.03398540145986,11525.35,84.12664233576642,49.142411313951015,-0.5014621093869209
2649245,1,112,3,156.24001785714287,10024.55,89.50491071428571,41.527618,2.108431
2649716,1,28,2,154.13657142857141,3264.0166666666664,116.5720238095238,51.44384672865272,-0.1872029341757297
2661450,0,132,3,151.73125757575758,8047.483333333334,60.96578282828283,54.339025,18.568127
2669847,1,7,2,107.81057142857142,829.4666666666667,118.4952380952381,57.05322093330324,9.918316500261426
2675116,1,85,2,145.12087058823528,5527.1,65.02470588235295,56.1717689,10.2150206
2692363,0,466,6,148.37244206008586,32477.966666666667,69.69520743919885,57.13981102220714,65.54565156809986
2692384,1,120,2,140.1848,17761.683333333334,148.01402777777778,47.57735702209175,19.0969564486295
2699896,0,90,3,141.27833333333334,12576.683333333332,139.74092592592592,43.6772976256907,7.229519644752145
2717503,1,115,1,164.80634782608695,8622.2,74.97565217391305,55.717727690935135,12.51364423893392
2719026,1,153,5,126.56475816993463,10989.616666666667,71.82755991285403,50.8611434,-2.1695654
2719148,1,95,1,157.71905263157893,7383.566666666667,77.72175438596491,48.73581474646926,19.151095245033503
2726097,1,506,3,129.57287747035573,41836.88333333333,82.68158761528326,-33.80455403588712,18.498284462839365
2734298,0,1299,7,113.9239907621247,106603.91666666667,82.06614062099051,52.37642959691584,20.944008389487863
2738159,1,48,3,160.66616666666667,4660.45,97.09270833333333,56.14831293001771,10.20550925284624
2740323,1,78,2,129.3034358974359,10606.9,135.98589743589744,39.6943305619061,-0.8713886048644781
2748745,1,33,1,151.72551515151514,2047.8666666666666,62.05656565656565,57.14933428913355,9.879375100135803
2756792,1,21,3,125.4172380952381,2348.2166666666667,111.81984126984128,19.4561096,-70.6663613
2774168,1,35,2,146.8221142857143,2181.4333333333334,62.32666666666667,55.5369543,8.3528517
2794662,1,131,2,138.10700763358778,12823.45,97.88893129770993,37.36317199654877,127.11898268200456
2795796,1,36,1,148.3887222222222,2873.2,79.8111111111111,48.71430242434144,17.78646558523178
2805418,0,89,3,141.56251685393258,8446.8,94.90786516853932,56.14323265850544,10.194812268018724
2831390,0,86,5,131.1671627906977,7040.466666666666,81.86589147286821,59.929028,10.780606
2844791,0,413,3,145.28522518159807,42122.333333333336,101.9911218724778,38.67622177116573,-9.163323612883689
2849785,1,427,3,147.6789180327869,28998.616666666665,67.91245120999218,56.12335463985801,-4.028900479897857
2853238,1,9,2,125.19577777777778,578.4,64.26666666666667,19.4910853,-99.2421763
2856716,1,17,3,139.61176470588236,1299.65,76.45,50.87796667590737,-1.3514041900634766
2868369,0,230,4,138.5294347826087,10851.083333333334,47.1786231884058,54.68643366359174,11.29701585508883
2887449,1,188,1,124.66675531914893,25654.583333333332,136.46054964539007,48.72182040475309,9.33273277245462
2887587,1,151,3,141.04658278145695,12124.766666666666,80.29646799116998,40.4467545,9.7897884
2894897,0,731,12,133.81056908344732,63414.6,86.75047879616963,59.44648328237236,25.01659819856286
2898275,1,152,2,142.19990789473684,9978.183333333332,65.64594298245613,53.6406172,10.0479993
2909018,0,541,2,129.07898706099814,96782.8,178.89611829944548,52.08986531943083,-7.621250152587891
2915343,1,200,3,146.16102999999998,13241.733333333334,66.20866666666667,55.57307364419103,9.76788983680308
2934877,0,129,2,145.2217519379845,5858.066666666667,45.41136950904393,23.039901265874505,112.4218178819865
2941284,0,482,6,144.8434854771784,55096.73333333333,114.3085753803596,51.66288253851235,16.09592833556235
2974312,0,339,5,143.17758702064896,21476.65,63.35294985250738,51.83389155194163,19.48043128475547
2994297,1,29,1,153.6603448275862,1810.7166666666667,62.438505747126435,42.848656,22.978298
2998566,1,13,1,148.23107692307693,1053.1,81.0076923076923,55.6128349,12.3876447
3021311,0,467,6,145.5641284796574,39561.4,84.71391862955032,58.37577997706831,26.711216093972325
3021842,1,152,3,128.29809210526318,19706.183333333334,129.64594298245615,55.80072370357812,12.460263585671782
3029335,1,81,1,148.71269135802467,7055.783333333333,87.10843621399177,55.70847298018634,12.477645641192794
3041144,0,132,5,139.7658787878788,14291.3,108.26742424242424,52.22861205227673,21.03635558858514
3055418,0,112,1,158.83232142857145,6621.616666666667,59.12157738095238,52.235664,20.992684
3060590,0,292,4,153.43156164383564,24481.316666666666,83.84012557077625,51.93109287880361,21.102360896766186
3069074,0,245,4,133.83261224489794,37074.666666666664,151.3251700680272,-33.886529970914125,18.70361317880452
3082409,1,235,4,141.4765106382979,17537.45,74.62744680851064,56.10769699327648,10.147847877815366
3083777,0,30,2,159.1274,2992.8166666666666,99.76055555555556,41.39317310415208,2.0915527269244194
3085942,1,51,1,146.6918431372549,3064.95,60.09705882352941,40.33394780941308,-3.7565765529870982
3088466,0,191,1,156.5385340314136,16007.833333333334,83.8106457242583,49.007154,1.889837
3089500,0,519,5,113.95210789980732,34486.916666666664,66.44877970456005,51.112526608631015,17.01080745086074
3091798,0,198,2,146.97985858585858,14533.0,73.3989898989899,43.489593705162406,-8.200805867090821
3122949,1,301,6,146.08911627906977,39751.51666666666,132.06483942414172,51.032881597056985,15.424651633948088
3135320,0,101,2,143.70669306930694,15159.683333333332,150.09587458745872,40.389553,-3.687793
3167841,1,47,2,161.77795744680853,2591.7666666666664,55.143971631205666,38.03726652637124,23.790932279080156
3191096,0,347,3,144.461855907781,17025.166666666668,49.06388088376561,39.14516041986644,-77.42317507043481
3210780,1,37,2,139.45924324324324,5679.5,153.5,10.094973323866723,-69.18085254728794
3227742,1,152,8,0.0,14492.733333333334,95.3469298245614,49.780433655,18.275976181
3232625,1,282,2,152.79978723404255,14031.5,49.75709219858156,47.480102302506566,19.254102129489183
3235195,1,256,3,141.0484375,18528.366666666665,72.37643229166666,43.36050837300718,-8.408415718004107
3262231,1,43,1,165.94004651162788,1668.0333333333333,38.791472868217056,37.33726806007326,-121.95113779976964
3268225,0,16,1,153.7385,1108.8666666666666,69.30416666666666,36.5204282104969,-6.274459194391966
3272464,1,87,2,126.92735632183908,11758.116666666667,135.15076628352492,55.02611414529383,15.109061663970351
3275003,0,335,3,141.04790447761195,22799.733333333334,68.05890547263682,52.67729029990733,-2.4694126937538385
3276737,0,423,6,146.90577304964538,28713.35,67.88026004728133,42.16278084553778,-83.41266104020178
3285176,1,2,1,135.424,160.64999999999998,80.32499999999999,55.43154579587281,10.203501703217626
3288898,1,169,2,119.66381065088758,12048.733333333334,71.29428007889547,59.456781540066,24.44782974198461
3289673,0,532,3,140.49427067669174,58345.71666666667,109.67239974937344,52.19121225178242,0.9935167897492648
3297710,0,282,2,156.87417021276596,16556.05,58.70939716312056,56.71722161583602,10.099740279838445
3301823,0,79,2,138.030582278481,8834.316666666668,111.82679324894517,55.23740960285068,9.539126325398684
3303712,1,2,1,151.905,99.44999999999999,49.724999999999994,50.12108350172639,14.105057436972857
3316311,1,214,3,152.9322429906542,21809.13333333333,101.91183800623052,55.44262742623687,10.40545267984271
3317373,0,174,1,159.07633333333334,14165.316666666668,81.40986590038315,52.551799546927214,17.5978078879416
3320904,1,1,1,168.29,10.866666666666667,10.866666666666667,41.502572,2.147683
3324472,0,527,3,146.08463757115751,39755.45,75.43728652751423,42.84282141365111,-2.7106213197112083
3325031,1,46,5,146.47591304347824,3743.5499999999997,81.38152173913043,56.1472888,9.5575438
3327597,1,330,3,115.38469696969696,76758.0,232.6,45.338472314178944,9.085080558434129
3347250,0,577,3,144.2625129982669,56969.6,98.73414211438475,43.58867517672479,1.2366315443068745
3351234,1,409,4,135.69289975550123,35488.7,86.76943765281173,51.417642,4.172311
3362051,0,52,1,146.99676923076925,3963.7,76.225,-33.95975125953555,18.479436244815588
3365457,1,67,1,128.54098507462686,5632.116666666667,84.06144278606965,-23.55196874588728,-46.72234388999641
3375182,1,91,5,145.03562637362637,8752.066666666666,96.17655677655677,60.291851526126266,5.282180914655328
3377565,1,62,4,128.96906451612904,6399.266666666666,103.21397849462365,51.18880167603493,2.898104125633836
3381703,0,428,5,145.16150934579437,32315.716666666667,75.50401090342679,59.88080366514623,29.862291170284152
3411439,0,514,7,130.94787548638132,35643.083333333336,69.34452010376135,55.826189098879695,12.542483434081078
3417701,1,116,6,143.8566724137931,6278.5,54.125,52.452899933,16.950027466
3432842,0,367,4,154.25130245231608,25303.516666666666,68.9469118982743,52.42486073635519,16.893975706771016
3438751,0,316,4,139.3358164556962,24587.649999999998,77.80901898734176,52.38602578639984,16.93910957314074
3439813,0,233,1,151.850669527897,23218.933333333334,99.65207439198856,47.029701,18.936464
3445572,0,340,4,134.64368823529412,25750.866666666665,75.7378431372549,51.30110878497362,4.489018432796001
3469220,0,243,2,151.0898024691358,15885.0,65.37037037037037,50.267785,19.130289
3471841,1,48,1,158.64104166666667,3897.45,81.19687499999999,-33.90508163720369,151.18920383043587
3472071,1,120,3,165.94733333333335,6845.066666666667,57.04222222222222,55.96259350888431,9.756719525903463
3477404,1,51,2,118.06639215686275,7699.816666666667,150.97679738562093,55.712907,12.504725
3509206,1,9,2,141.88422222222223,610.05,67.78333333333333,54.78922228328884,9.418580560013652
3517326,1,74,1,134.65735135135137,6223.2,84.09729729729729,59.17931045405567,10.217893011868
3537163,1,335,4,134.6132537313433,23956.166666666668,71.51094527363185,46.196407210081816,6.149295587092638
3545637,1,21,3,149.73295238095238,1737.3,82.72857142857143,56.05563330464065,12.057488914579151
3556695,0,264,8,142.06560606060606,31415.65,118.99867424242424,48.23121914640069,18.31153272651136
3558042,0,244,2,145.84948360655736,20187.9,82.73729508196722,57.11782017722726,10.001473361626267
3559941,0,356,6,143.43093820224718,24566.3,69.0064606741573,57.01268378645182,10.039064018055797
3575734,1,496,6,153.33983064516127,40681.63333333333,82.01942204301075,36.995176523923874,-6.534885596483946
3576105,1,148,2,153.99485135135137,7013.766666666666,47.39031531531531,47.648410415276885,-122.34734633937478
3616044,1,25,1,138.60728,2641.983333333333,105.67933333333332,55.697517,9.251545
3655927,0,287,8,136.10667595818816,25279.5,88.08188153310104,50.28925540857017,17.09721171297133
3664548,1,58,1,159.20906896551725,2847.2666666666664,49.090804597701144,59.896117,10.676054
3668539,1,56,2,151.3177142857143,1912.0166666666667,34.14315476190476,37.161449,-93.233948
3672721,1,314,2,136.44615286624202,28364.63333333333,90.3332271762208,14.224050035700202,101.40548296272756
3680369,1,106,4,149.1629433962264,9267.683333333332,87.43097484276728,15.4533022,120.9579566
3689976,1,68,2,143.84852941176473,4143.05,60.92720588235294,52.406821539625525,16.976476851850748
3691161,1,93,1,151.42868817204302,6483.55,69.71559139784947,55.77800874598324,12.174815610051157
3700284,0,234,3,135.87653846153847,33116.96666666667,141.52549857549857,14.113408578559756,100.56942097842692
3701695,1,1,1,130.142,55.333333333333336,55.333333333333336,42.04119110107422,-92.9594955444336
3702346,1,118,4,144.86081355932205,9916.233333333334,84.0358757062147,51.06921848841012,-0.3164797089993953
3704065,1,25,3,135.71088,2863.7,114.54799999999999,61.04755209758878,10.431444207206368
3709276,0,185,3,145.22408648648647,14375.449999999999,77.70513513513512,55.697554629296064,12.575904512777925
3714939,1,1115,2,126.48447174887892,93517.55,83.87224215246637,-40.3559419233352,175.61338185332716
3725029,1,45,2,136.75102222222222,4145.85,92.13000000000001,60.209614,24.978654
3736342,0,431,3,137.19460324825988,28585.116666666665,66.32277648878576,55.75501324608922,8.89776237308979
3738748,0,74,2,140.55043243243244,7511.25,101.50337837837837,56.12249415367842,8.808075422421098
3743021,1,36,2,159.2673888888889,3807.0166666666664,105.75046296296296,40.75369751080871,-3.789186766371131
3748741,0,493,2,111.09006490872211,53185.21666666667,107.88076402974983,9.126342572271824,99.36148412525654
3769844,1,11,2,127.02963636363637,1532.5833333333333,139.32575757575756,55.515960697084665,8.424003291875124
3799875,1,32,7,131.5520625,2149.2166666666667,67.16302083333333,56.9344281,24.0862774
3808596,1,162,2,148.5471358024691,20960.733333333334,129.38724279835392,56.45534405484796,9.383635064586995
3820045,0,208,2,137.9093653846154,16471.316666666666,79.18902243589743,56.92811977118254,24.09259747713804
3824420,1,8,1,161.16225,432.6,54.075,39.573766104877,2.7186887338757515
3832297,1,51,2,147.36329411764706,2891.65,56.69901960784314,51.08729372732341,-114.07240748405457
3841089,1,326,2,126.37788957055216,14422.416666666666,44.24054192229039,-37.96030690893531,144.40554711967707
3867177,1,12,1,136.47783333333334,1537.5333333333333,128.12777777777777,41.8385688,123.4301143
3905196,0,154,4,142.36605194805193,8789.466666666667,57.07445887445888,40.43789497576654,-4.00086410343647
3908642,1,344,5,136.90965116279068,21347.25,62.05595930232558,55.7280233502388,12.515766955912111
3916526,1,58,3,143.55924137931035,5832.9,100.56724137931033,56.75798557698727,8.389567919075489
3918301,1,96,3,153.35747916666665,4540.733333333334,47.299305555555556,56.16915637627244,10.198156395927072
3951504,1,102,3,137.89627450980393,18401.783333333333,180.4096405228758,37.16546871699393,-8.53181753307581
3987593,0,521,4,141.52107485604606,42521.76666666666,81.61567498400511,-22.33935068361461,-49.07566454261541
3992841,0,112,2,163.12876785714283,5597.2,49.975,55.619133124127984,9.298864603042604
3993407,1,59,3,148.38406779661017,8216.783333333333,139.26751412429377,36.92458405159414,-5.5553392600268126
4003530,1,33,1,159.87824242424242,2015.3333333333333,61.070707070707066,56.308373250067234,10.090532088652251
4006330,0,293,4,128.09256655290105,21938.616666666665,74.87582480091012,51.2043122202158,3.244194332510233
4007546,1,426,1,149.52811267605634,28726.816666666666,67.43384194053208,53.800831,-2.318862
4009109,0,276,5,138.57944927536232,28595.833333333332,103.6080917874396,56.14082168787718,10.196500048041344
4025656,1,17,1,149.56658823529412,874.85,51.46176470588235,55.3567267,10.3789904
4026257,1,1,1,123.816,94.08333333333331,94.08333333333331,56.1314962,10.1304652
4045488,1,2,1,142.863,118.73333333333332,59.36666666666666,52.0283484,5.1682583
4054786,1,71,1,131.58138028169014,12401.116666666667,174.6636150234742,55.74577957391739,12.477196119725704
4057523,0,71,5,155.35157746478873,4833.566666666667,68.07840375586855,47.65495240688324,-122.18425939790905
4059417,1,20,2,101.5612,2425.4333333333334,121.27166666666668,49.781837463,14.291173935
4066580,1,2,1,133.313,294.06666666666666,147.03333333333333,37.55584,126.897388
4124709,0,107,2,142.79981308411215,6754.783333333333,63.12881619937694,56.129736453294754,9.13641694933176
4131540,1,187,5,148.71337967914437,14648.516666666666,78.33431372549019,38.7025189,-0.7667579
4133458,0,85,1,155.03823529411764,4719.083333333333,55.51862745098039,50.07925696671009,19.89749643020332
4146688,0,454,2,135.61754185022028,25652.65,56.50363436123348,56.13629411906004,10.198703398928046
4161100,1,9,1,151.32466666666667,527.4,58.599999999999994,42.829362927004695,-83.27505550347269
4161148,0,118,1,146.3765593220339,12062.083333333334,102.22104519774012,55.97905606962741,12.401461265981196
4164701,0,315,4,134.03651428571428,26954.416666666668,85.56957671957673,37.13723938912153,-7.62976155616343
4176041,1,18,1,168.41122222222222,1059.5166666666667,58.862037037037034,39.53552828170359,-105.00620950944722
4177391,1,52,1,135.9491923076923,4145.7,79.725,55.923426719382405,11.903634471818805
4198916,1,116,2,139.37410344827586,11742.183333333332,101.22571839080459,44.21447904780507,7.660751296207309
4203888,1,133,3,145.41353383458647,9113.833333333334,68.52506265664161,55.93320538289845,12.11848234757781
4226525,1,125,2,139.21230400000002,10620.133333333333,84.96106666666667,55.67422661930323,12.555558616295457
4233611,1,174,1,138.45314942528736,16914.533333333333,97.20996168582376,56.8236423,8.2635188
4253141,1,229,3,144.81447161572055,24327.183333333334,106.23224163027658,55.59168524108827,13.007224593311548
4264744,0,273,2,151.7351794871795,13357.65,48.92912087912088,51.404672,16.178623
4264913,0,154,1,150.63854545454544,12083.916666666666,78.46699134199133,55.06339559331536,82.89796407334507
4296404,1,216,3,150.39342592592592,20124.9,93.17083333333333,52.169368006289005,22.20897512510419
4313124,1,10,1,158.4824,463.23333333333335,46.32333333333334,52.071356819942594,16.973198102787137
4318337,1,48,1,155.49433333333334,3050.4,63.550000000000004,50.68445183336735,3.139242008328438
4321971,1,97,3,139.11715463917525,8765.383333333333,90.36477663230241,41.47240824066103,2.098477352410555
4325326,1,14,2,164.20485714285715,1107.0833333333333,79.07738095238095,50.261983,8.988609
4330976,1,183,3,147.76277595628414,12054.9,65.87377049180327,53.53252169676125,-1.1605667788535357
4341373,1,20,2,151.4175,1559.8999999999999,77.99499999999999,40.75632247142494,-73.97941701114178
4350897,1,48,1,142.748125,7169.366666666667,149.36180555555555,55.68213863298297,12.259023142978547
4357738,1,57,1,147.2394736842105,3511.5666666666666,61.60643274853801,52.48246980831027,6.126072686165571
4362441,1,241,1,148.8051867219917,19373.283333333333,80.38706777316736,50.6709469947964,19.132755054160956
4363552,1,190,4,119.61463157894737,20539.883333333335,108.10464912280703,56.08369725756347,10.236660344526172
4390235,1,132,3,144.87762121212123,15305.916666666666,115.95391414141413,50.52441665902734,5.967407198622823
4399772,0,579,4,130.46415889464595,74572.03333333333,128.79453080023026,38.99857602082193,-1.8654140923172235
4403506,0,494,2,122.36696356275303,66890.65,135.40617408906883,33.12942744232714,-96.8640543334186
4419649,1,34,3,155.87694117647058,2193.0166666666664,64.50049019607843,37.26884247735143,-6.986980140209198
4428422,0,161,2,152.05975155279503,14944.933333333332,92.82567287784678,60.60252416878939,12.048331685364246
4433918,1,102,6,138.42911764705883,9287.316666666666,91.05212418300653,43.564393,3.696264
4439016,1,560,6,129.85739285714286,61141.4,109.18107142857143,50.166042,8.857055
4443471,0,120,3,138.42325,12776.816666666666,106.47347222222221,56.95174567401409,24.054035441949964
4446822,0,746,2,140.68377479892763,38874.2,52.11018766756032,29.43775783292949,-98.60901603475212
4457345,1,162,4,131.8174197530864,9264.083333333334,57.18569958847737,55.752437,12.30161
4476375,0,288,2,136.79053472222222,31168.333333333332,108.22337962962962,15.19569014199078,100.12710752896965
4496645,1,553,2,111.27828933092225,66021.85,119.38851717902352,38.86043253354728,-77.19960758462548
4518433,0,254,1,126.15915748031496,23639.86666666667,93.07034120734909,28.52687898091972,-82.21880075521767
4535678,0,829,2,132.44097466827503,66708.53333333334,80.46867712102936,42.14150573126972,-71.38191442005336
4536750,1,41,2,157.15780487804878,3245.75,79.16463414634147,56.08597596175969,9.5419161580503
4564626,0,117,8,120.91919658119659,8390.983333333334,71.71780626780627,59.751962,10.153504
4572860,0,229,6,151.0335633187773,16245.066666666666,70.9391557496361,45.66875584423542,16.514877313748002
4583265,1,78,2,142.4448205128205,10090.033333333333,129.3594017094017,46.24689971096814,-119.2825088929385
4584909,0,289,2,144.03659515570934,22437.466666666667,77.63829296424453,55.81420834176242,37.7936627715826
4595683,1,5,2,136.9432,478.95000000000005,95.79,52.57062253542245,1.1171610094606876
4615477,0,84,2,138.23180952380952,6398.283333333333,76.17003968253968,55.69127113558352,9.53187539242208
4634912,1,11,1,147.46927272727274,826.8333333333333,75.16666666666666,43.11918860301376,-7.628541402518749
4654918,1,27,2,137.50407407407408,1401.3333333333333,51.901234567901234,-34.005892,23.118001
4668578,1,181,2,125.36016574585635,14871.266666666666,82.16169429097606,44.93172864429653,-89.62148398160934
4668828,1,73,1,133.20797260273974,6014.466666666666,82.38995433789954,42.62333683669567,-71.42217580229044
4671209,1,30,1,141.6842,3674.9,122.49666666666667,55.7631891220808,12.383728763088584
4675763,1,194,2,146.2407113402062,16159.416666666666,83.29596219931271,40.9883683,-92.4738051
4693937,1,24,4,145.86166666666665,1919.75,79.98958333333333,60.5002784,15.4531818
4727641,1,20,3,153.7525,1844.0166666666667,92.20083333333334,39.94484159164131,-105.85295573808251
4752000,0,55,1,146.35421818181817,4502.333333333333,81.86060606060606,-25.78709785826504,28.26216322369873
4774109,1,545,1,147.33878532110094,51731.48333333333,94.92015290519878,41.49347992613912,-71.3034469820559
4796418,1,152,6,142.87930263157895,8713.866666666667,57.3280701754386,50.81455,15.601027
4832531,0,497,6,146.31383903420524,55620.21666666667,111.91190476190476,40.10009899735451,-75.41676856577396
4836713,1,10,1,151.57639999999998,1027.2833333333333,102.72833333333332,55.945204831659794,12.336752219125628
4852170,0,274,4,126.38364233576642,30213.533333333333,110.26836982968369,49.797485,19.001235
4868692,1,40,2,139.34605,1670.3666666666666,41.759166666666665,40.443981,-79.912537
4886757,1,2,1,174.482,109.21666666666667,54.608333333333334,44.89136894233525,-93.32479555159809
4905815,1,47,3,148.00548936170213,4048.983333333333,86.14858156028369,49.46839878335595,11.168899638578296
4938238,0,51,5,145.10780392156863,3257.65,63.87549019607843,44.7636559791863,-0.6057531852275133
4969375,1,139,3,135.3493381294964,13140.166666666666,94.53357314148681,52.2226809,6.8854929
4973835,1,53,4,145.2705283018868,2695.35,50.85566037735849,56.936964774504304,24.126946264877915
4979907,1,48,3,132.77908333333332,4299.2,89.56666666666666,38.4064979,-121.3932403
4997910,0,821,3,136.7842850182704,47096.549999999996,57.364859926918385,-26.18858,28.005362
4998101,1,294,4,135.6919455782313,15487.783333333333,52.679535147392286,56.21016374789178,10.213486477732658
5000185,1,55,2,137.59174545454545,7600.75,138.19545454545454,55.70305483415723,11.72315189614892
5032597,1,221,8,126.4176742081448,30526.45,138.12873303167422,56.25088152475655,10.018687946721911
5035433,1,234,3,121.71213675213674,39701.98333333333,169.66659544159543,40.416534,0.429862
5063358,1,78,3,144.50015384615386,6310.683333333333,80.90619658119658,52.39292501471937,16.965253986418247
5072565,0,238,10,125.56505882352941,16772.8,70.47394957983192,48.61678032204509,-4.559963028877974
5086939,1,107,3,118.1992336448598,4882.7,45.63271028037383,59.33756480924785,17.999499030411243
5095069,1,157,5,149.45276433121018,10510.6,66.94649681528662,54.75541102699936,25.263812206685543
5097670,1,148,2,136.2245945945946,14435.933333333332,97.54009009009009,40.47355301678181,-79.9228120688349
5106976,0,70,2,156.06337142857143,4377.316666666667,62.533095238095235,38.60898566432297,-90.49341632053256
5107134,1,149,3,144.36195973154364,11021.183333333332,73.96767337807606,13.7307717,100.549086
5164930,1,25,4,147.10824,2317.916666666667,92.71666666666668,50.34353418275714,18.76857762224972
5170013,1,13,2,129.1143076923077,2035.25,156.55769230769232,38.55074501596391,-0.1246786303818225
5173214,1,34,2,133.33688235294116,4177.15,122.85735294117646,43.52610820904374,-5.642427485436201
5180701,1,53,2,135.29833962264152,4503.683333333333,84.9751572327044,51.40689259395003,19.708256274461743
5202682,1,44,2,148.305,6069.683333333333,137.94734848484848,61.497087981551886,23.603577883914117
5210077,0,183,2,143.5771475409836,25073.13333333333,137.01165755919854,38.80810355767608,-77.10109013132751
5242117,1,131,4,157.0042748091603,7455.849999999999,56.9148854961832,54.60936399176717,24.035952826961875
5252259,1,23,1,150.19582608695652,3436.2,149.4,55.68862228654325,12.490061754360797
5255745,1,188,2,152.7508085106383,13195.766666666666,70.19024822695036,55.90647549368441,12.146694660186768
5268649,1,60,1,151.36373333333333,6646.866666666667,110.78111111111112,-23.5143581405282,-46.653262842446566
5269471,1,35,1,161.73914285714287,2397.1666666666665,68.49047619047619,56.56780807301402,9.031005464494228
5273972,1,2,1,155.567,108.31666666666666,54.15833333333333,40.258622,-74.07532
5278840,0,507,4,125.51810256410256,32993.183333333334,65.07531229454307,25.792529499158263,-80.18668041564524
5298016,0,68,4,160.07673529411767,5016.7,73.77499999999999,41.68568367138505,-0.8707682602107525
5306319,1,120,1,161.85448333333335,5408.55,45.07125,52.6767027,21.014346
5325166,0,247,4,142.72114170040487,22101.683333333334,89.48049932523617,51.204849584028125,3.2343917805701494
5337796,1,2,1,151.611,137.35,68.675,56.1348093,10.1976929
5346265,0,325,3,128.55547076923077,27847.733333333334,85.68533333333333,37.55986793898046,126.98148258961736
5346596,0,207,4,138.17492753623188,19981.5,96.52898550724638,47.93806317262352,16.149871414527297
5358123,1,21,1,118.38209523809523,1291.5666666666666,61.5031746031746,50.0019121170044,18.464346388354897
5386323,0,118,2,123.71894915254236,12318.983333333334,104.39816384180791,55.672496259212494,11.128428122028708
5407179,0,211,3,146.10464454976304,11273.5,53.42890995260664,50.29928552918136,18.643868900835518
5421474,1,2,2,146.526,104.65,52.325,45.51677928306162,-73.29243253916502
5435152,1,134,2,121.33422388059701,14513.283333333333,108.30808457711443,56.36073919013143,8.633117275312543
5453063,1,74,4,139.86045945945943,8450.25,114.19256756756756,50.798817621544,3.2017417531460524
5481957,1,245,2,123.83537142857143,12719.933333333332,51.91809523809523,39.745616326108575,116.33889916352928
5486878,0,364,6,125.66703296703298,40573.9,111.46675824175824,45.5092391967773,13.9005861282349
5507899,0,128,5,146.762625,12283.55,95.965234375,56.954332,24.13274
5525152,1,66,1,129.49763636363636,4406.433333333333,66.76414141414142,52.3432968,14.623107
5539676,0,19,1,150.56336842105264,1755.0,92.36842105263158,55.37351310253143,10.375035339966416
5547218,1,74,2,147.95597297297297,4594.533333333333,62.08828828828828,35.82401351071894,14.528389563784003
5551642,1,36,1,166.1406111111111,3165.3,87.92500000000001,-38.33750277757645,144.95601628907025
5554061,1,14,1,133.15414285714286,668.1,47.721428571428575,55.94615902751684,11.479108845815064
5605316,1,2,2,127.92699999999999,305.51666666666665,152.75833333333333,55.788252437487245,12.480037920176985
5607830,0,144,2,144.49629166666668,11087.35,76.99548611111112,-22.91212602518499,-43.22670947760344
5629523,1,473,1,129.72841860465115,75420.46666666666,159.45130373502465,7.909487960860133,98.36079510860144
5635059,0,2,1,142.858,119.48333333333335,59.741666666666674,8.94282666966319,-79.58986468613148
5641621,0,572,1,123.79579370629371,52222.1,91.29737762237762,13.651434369385242,100.33554308116436
5671712,1,2,1,162.91899999999998,116.79999999999998,58.39999999999999,50.4578631,30.4235421
5727574,0,520,12,119.80541923076923,46717.3,89.84096153846154,61.15334286354482,10.68590604700148
5746423,1,397,3,148.63786901763223,37180.566666666666,93.6538203190596,51.56270915642381,21.84143939986825
5836671,1,35,1,160.052,2451.3333333333335,70.03809523809524,52.361470917239785,21.04872870258987
5839886,1,88,5,140.6606818181818,5994.2,68.11590909090908,55.72299286723137,37.55103006027639
5850177,1,40,1,127.42575,3604.55,90.11375000000001,28.579982,-81.3029594
5852978,1,97,1,135.40665979381444,13819.916666666666,142.47336769759448,-29.78564034216106,30.85525802336633
5929760,1,47,4,150.05697872340426,4950.616666666667,105.3322695035461,38.5030908,-0.2428454
5936849,0,268,2,128.31900746268656,17660.0,65.8955223880597,16.04244701564312,103.67148363031448
5946470,1,37,2,144.17232432432434,1965.1333333333332,53.111711711711706,53.4280971,14.4993267
5964610,0,158,4,142.75717721518987,14357.016666666666,90.867194092827,13.874017233029008,100.5392614658922
5971071,0,235,2,132.6692,31223.283333333333,132.8650354609929,50.04749164916575,19.91443038918078
5979382,0,512,2,139.35331640625,49226.2,96.144921875,57.03898653388024,9.910020176321268
5986686,1,113,3,152.76238938053098,5463.433333333333,48.34896755162242,53.429725,18.727605
6000431,0,307,4,147.40242345276874,29571.066666666666,96.32269272529858,55.68268454633653,12.535718902945518
6044358,0,127,5,143.31411023622047,12797.45,100.76732283464567,50.45371446758509,2.9458569176495075
6055485,1,4,1,151.49099999999999,218.05,54.5125,59.30245745927096,9.04715328477323
6064655,1,3,3,155.086,129.7,43.23333333333333,61.3538422,16.3800202
6069440,0,46,4,123.80965217391304,4527.75,98.42934782608695,18.595352936536077,73.78001178614795
6080660,0,108,2,127.80777777777777,7690.983333333334,71.21280864197531,51.29120799712837,-0.0747858546674251
6091689,1,45,3,134.9984888888889,6353.65,141.19222222222223,49.95420156978071,17.894789865240455
6107778,1,41,2,158.02268292682928,2803.516666666667,68.37845528455286,13.8064581,100.6283092
6113340,0,384,3,145.46155208333332,30161.2,78.54479166666667,51.12578636035323,16.781064346432686
6125990,1,16,3,138.534,2522.0166666666664,157.62604166666665,48.60233151353896,22.27682671509683
6162923,1,48,2,168.554125,2943.4666666666667,61.32222222222222,40.51081619225442,-3.6731884349137545
6176971,0,119,3,130.0589243697479,16381.633333333333,137.6607843137255,55.47332061454654,8.447125861421227
6194859,0,34,1,130.11176470588236,3711.0666666666666,109.14901960784313,37.81426171772182,23.780470825731754
6216280,0,230,6,135.2358260869565,17500.083333333332,76.0873188405797,59.36621298082173,17.866899501532316
6223138,1,86,2,140.23251162790697,10529.816666666666,122.43972868217053,55.63509796746075,12.2619388718158
6229563,1,104,3,142.87603846153846,13500.783333333333,129.81522435897435,-32.07138642668724,115.7727584335953
6242372,0,106,4,131.46392452830187,12052.216666666667,113.70015723270441,55.68591669201851,12.546345563605428
6272219,0,21,3,151.04628571428572,1171.45,55.78333333333334,47.01561,28.808093
6275481,1,35,1,155.84348571428572,6150.733333333334,175.7352380952381,55.8678874745965,11.683602137491109
6286628,1,314,3,122.453949044586,26919.466666666667,85.7307855626327,6.989163709804416,100.4548329859972
6296204,0,295,1,132.33423050847458,30886.483333333334,104.69994350282487,50.05307659506798,18.158991308882836
6299290,1,28,2,146.97242857142857,1875.1666666666665,66.97023809523809,57.01789667,9.879505
6307695,1,53,5,122.73301886792453,3952.35,74.57264150943396,33.005354572087526,-97.09787716157734
6342136,1,226,2,159.06453982300886,16241.833333333332,71.86651917404129,55.59045435860753,12.129652071744204
6361870,1,23,1,156.63426086956522,1495.1333333333332,65.00579710144928,51.0850374866277,17.07489808090031
6369324,1,89,1,135.5589438202247,2358.133333333333,26.495880149812734,51.502145,-0.2230983333333333
6394052,1,2,1,162.865,103.91666666666666,51.95833333333333,55.62957026995719,12.065548282116652
6396824,1,30,2,133.1702,3165.5333333333333,105.51777777777778,48.65980873815715,23.282826086506248
6400833,0,1,1,140.276,123.3,123.3,59.33590938337147,18.011962585151196
6422295,1,222,4,153.04387387387388,14143.183333333332,63.70803303303303,42.2458721,-83.6343022
6468697,1,20,1,145.7788,1711.1000000000001,85.555,55.72563257999718,12.451114067807794
6479229,1,1,1,159.176,79.15,79.15,54.94525467976928,-1.6046861093491316
6493363,0,331,6,123.31650755287009,34092.88333333333,102.9996475327291,54.71234120428562,25.290143117308617
6502384,1,2,1,160.738,172.04999999999998,86.02499999999999,6.447325805202127,3.449637796729803
6505421,1,19,2,131.66105263157894,1518.4333333333334,79.91754385964913,13.786582332104445,100.59152900241315
6532016,0,80,2,169.3687,4920.45,61.505624999999995,-27.4409447517246,-48.488718923181295
6539051,1,104,2,146.3654423076923,6087.9,58.537499999999994,53.13190712593496,-3.808868480846286
6572322,1,11,1,161.60636363636365,845.6,76.87272727272727,55.505696050822735,9.733655462041495
6579857,1,23,2,155.6101739130435,2157.4333333333334,93.80144927536232,41.4230994,0.9439519
6582710,0,173,4,141.74101734104048,12215.266666666666,70.60847784200385,47.236929880455136,18.606853745877743
6584414,1,130,3,158.27696923076925,14716.35,113.20269230769232,56.13680558279157,9.064205847680569
6591189,1,38,5,147.7127894736842,3085.9,81.2078947368421,59.21934116631746,17.616284787654877
6601602,0,577,2,143.41505719237435,58198.2,100.863431542461,37.4148797057569,-121.96408096700908
6606636,1,94,2,96.10763829787234,10932.3,116.30106382978722,55.85717003792524,12.379015199840069
6617597,1,164,1,129.52643902439024,21797.13333333333,132.90934959349593,53.68321708403528,-2.830875478684902
6641862,0,136,3,165.11379411764705,12126.5,89.1654411764706,52.77527533471584,15.568906869739294
6670535,1,108,2,155.70283333333333,6477.7,59.9787037037037,53.77956882119179,20.46042387373745
6676926,1,44,1,143.36413636363636,1991.0,45.25,22.759004663676023,-102.57942834869029
6692748,1,693,1,146.4805743145743,27344.066666666666,39.457527657527656,59.3968075979501,17.946020141243935
6716410,1,17,2,167.61223529411765,793.6833333333334,46.687254901960785,41.439983,2.199601
6721368,0,243,4,140.07798353909465,30193.88333333333,124.25466392318243,13.816165756434202,100.55647931993008
6724449,1,27,1,160.91962962962964,1911.2,70.78518518518518,40.6719253398478,-4.082852359861136
6725147,1,1,1,154.746,35.38333333333333,35.38333333333333,57.6702822,11.9252346
6766202,1,24,1,155.42516666666666,1578.6666666666667,65.77777777777779,56.3767911,9.6486977
6776771,1,91,1,141.60947252747252,15510.016666666666,170.43974358974359,41.130416532978415,-8.64616152830422
6788906,0,160,1,138.263475,17851.083333333332,111.56927083333332,53.90867686830461,-1.7599814850836992
6793807,0,67,3,133.24029850746268,8811.983333333334,131.5221393034826,63.353599,10.403584
6796415,1,161,1,143.93204968944102,11827.916666666666,73.46532091097308,50.76385980471969,17.85296257585287
6800874,0,164,4,142.51915853658537,13639.25,83.16615853658537,46.02322191931307,7.747911941260099
6828710,0,53,1,149.60671698113208,3510.833333333333,66.24213836477986,41.55300258658826,2.015536744147539
6873187,0,143,3,143.34920279720282,11749.116666666667,82.16165501165501,19.02400027960539,73.02291403524578
6879414,1,1,1,138.026,119.48333333333332,119.48333333333332,55.450577,39.080882
6883061,0,371,2,124.22377358490566,56899.183333333334,153.36707097933513,39.48834319598973,-8.548001060262322
6891868,0,39,3,146.9116923076923,4191.016666666666,107.46196581196581,56.13470734097064,8.98404786363244
6892365,1,89,6,116.84723595505619,13466.383333333333,151.30767790262172,52.42632840760052,20.727569460868835
6919744,1,198,3,145.18375757575757,24370.233333333334,123.08198653198653,56.4867066219449,8.395362831652164
6946645,1,14,3,141.27285714285713,2208.8166666666666,157.77261904761903,48.34680056199432,-70.89543613605201
6946869,0,186,1,151.19229032258065,11949.45,64.24435483870968,36.70459371060133,-4.431757293641567
6961546,1,88,3,146.03840909090908,5033.8,57.20227272727273,57.24389757961035,25.279816780239344
6963583,1,7,1,151.93314285714285,705.35,100.76428571428572,45.64552523195744,25.618782620877028
6966117,1,49,1,131.14963265306122,3505.383333333333,71.53843537414966,13.94492570310831,100.62605246901512
6969866,1,113,6,148.4546017699115,8489.833333333334,75.13126843657818,13.9270181,100.6220617
7017288,1,113,4,138.920389380531,6435.766666666666,56.95368731563422,53.13394384458661,18.098022183403373
7029291,1,7,1,136.51885714285714,719.9666666666667,102.85238095238095,32.65063905157149,35.29141791164875
7038373,0,488,4,140.88253278688526,29760.016666666666,60.98364071038252,49.763006,13.433921
7045897,0,13,1,159.50753846153845,1077.2166666666667,82.86282051282052,35.65288580954075,139.73943944089115
7072978,0,340,3,144.5065176470588,43330.48333333333,127.44259803921568,51.856485893949866,16.685642916709185
7099226,1,7,2,140.60085714285714,587.9833333333333,83.99761904761905,56.04085139930248,12.10687248967588
7122167,1,59,3,118.71593220338983,2671.5333333333333,45.280225988700565,52.23216723650694,20.929314913228158
7123482,1,14,2,138.57871428571428,1910.0833333333333,136.4345238095238,24.1704618,120.7046853
7178673,0,522,3,163.60197701149426,46178.73333333333,88.46500638569603,55.63540868461132,8.487724866718054
7178871,1,5,3,137.406,425.06666666666666,85.01333333333334,37.61142862960696,-4.120034230872989
7181149,0,57,3,155.12024561403507,5682.516666666666,99.69327485380117,41.22868428938091,-0.0360496435314416
7183572,0,35,3,137.73474285714286,2553.0833333333335,72.9452380952381,39.46109446696937,-0.468401787802577
7197311,1,326,5,139.0434110429448,28758.5,88.21625766871166,30.4975349,47.8468989
7228559,0,101,2,155.75059405940593,8758.7,86.71980198019803,41.40180009417236,2.171108555048704
7231044,0,309,2,131.07047249190938,31387.816666666666,101.5786947141316,38.90487019903958,-77.11030393838882
7284222,1,111,1,160.09351351351353,9102.783333333333,82.00705705705705,55.63369693234563,8.474057000130415
7285980,0,216,3,138.59555555555556,24144.566666666666,111.78040123456789,46.6684006433934,21.126617034897208
7302262,1,10,1,144.103,1292.45,129.245,37.53685743547976,127.05538172274828
7313790,0,526,2,144.07357414448668,41821.11666666667,79.50782636248417,44.81953519396484,-0.6376063451170921
7324715,1,5,1,152.9184,852.0166666666667,170.40333333333334,52.38185562193394,-1.492356788367033
7374244,1,15,1,168.25533333333334,1004.15,66.94333333333333,38.99515067227185,-77.0243020914495
7382493,1,214,4,128.83207476635513,23087.333333333332,107.88473520249221,43.86316834017634,11.30076365545392
7404960,0,268,3,148.80659701492536,23892.983333333334,89.15292288557214,54.93377951905131,20.16125799156725
7425627,0,80,3,140.931025,9006.433333333332,112.58041666666665,14.222720917314293,101.40565579757094
7430612,0,204,2,146.2381274509804,19630.333333333332,96.22712418300652,33.66750815883279,-112.08271382376552
7470676,0,31,3,130.4310322580645,3143.116666666667,101.39086021505376,53.35899828001857,-6.264292784035206
7470845,1,5,1,137.6376,776.5,155.3,-31.3855084,-64.2262983
7493049,1,158,3,132.2276075949367,21624.416666666668,136.86339662447259,-46.41252410598099,-67.52956531941891
7513131,1,5,1,148.9652,284.51666666666665,56.90333333333333,52.0721412,4.2843303
7516129,0,673,6,116.9161367013373,49706.55,73.85817236255572,56.9373391,23.5975556
7551966,1,14,2,127.885,2378.45,169.8892857142857,39.652928905561566,2.481140317395329
7555928,1,10,2,124.19500000000001,1084.85,108.48499999999999,19.353819,-99.168782
7580364,1,2,1,130.566,103.35,51.675,55.3921737,10.687598
7619393,1,35,1,132.56897142857142,6080.433333333333,173.72666666666666,55.68673711270094,9.61521590128541
7629457,1,1,1,159.5,25.116666666666667,25.116666666666667,37.80482411384583,-122.26125785708427
7654809,1,180,1,145.20255555555556,11893.15,66.07305555555556,52.02933167,6.08116167
7696046,0,104,1,147.90898076923077,8372.75,80.50721153846153,13.70796963572502,100.76984452083708
7710890,0,26,2,127.74776923076924,2892.4333333333334,111.2474358974359,-33.33995151333511,-70.55048117414117
7716949,0,28,1,161.4712142857143,1656.2333333333333,59.15119047619048,39.474896946921945,-0.4027742519974708
7723530,0,257,2,131.03780544747082,27210.883333333335,105.8789234760052,13.92241794615984,100.47388882376254
7734791,1,54,1,144.78629629629629,5849.633333333333,108.32654320987655,-21.782039869576693,-46.57664755359292
7737399,1,12,2,117.408,1703.2666666666667,141.9388888888889,49.6091685,6.9931644
7743096,1,101,1,155.45475247524752,4492.933333333333,44.484488448844886,23.10355,113.286217
7748686,1,6,2,139.62166666666667,550.1,91.68333333333334,24.84788054600358,121.28493156284094
7763998,1,30,3,146.15593333333334,1358.25,45.275,56.9860027,24.2478678
7780362,0,281,4,149.92893238434164,16518.75,58.7855871886121,43.547856817021966,-5.898913303390145
7784382,1,33,4,137.35248484848483,2061.0166666666664,62.4550505050505,36.10563514754176,128.37944079190493
7790158,1,61,2,142.72977049180327,6629.55,108.68114754098362,-21.607444072142243,-45.56232805363834
7795957,1,30,1,142.55353333333332,1868.0,62.266666666666666,37.3986429,-6.2341608
7801809,1,146,4,137.21809589041095,19865.783333333333,136.06700913242008,59.37291322275996,24.53921662643552
7822006,0,289,3,152.42851903114186,23522.833333333332,81.39388696655132,40.59394623152912,22.948274491354823
7823641,1,78,1,146.51971794871795,6926.95,88.80705128205128,25.453604059293863,-80.44212310574949
7833767,1,6,1,167.047,450.54999999999995,75.09166666666665,49.6731308,17.2269299
7837132,0,16,1,133.362625,1565.3666666666668,97.83541666666667,50.78391417860985,-1.0583776328712702
7839953,1,12,1,155.2765,967.6166666666667,80.63472222222222,51.75930300727487,5.12310697697103
7892240,0,169,3,137.03752662721894,19697.116666666665,116.55098619329388,50.04053642973304,14.464421644806862
7898832,0,63,2,137.32095238095238,6201.25,98.43253968253968,14.572124406695366,101.40018652193248
7927251,1,108,3,140.3202037037037,14895.383333333333,137.9202160493827,40.68687194958329,22.95174166560173
7957303,1,33,2,139.49921212121214,2744.3333333333335,83.16161616161617,52.38076010718942,-1.5707425866276026
7965241,1,164,2,158.1180487804878,11484.583333333334,70.02794715447155,47.365536438301206,4.979880284518004
7967148,1,99,1,157.99448484848486,5029.766666666666,50.8057239057239,55.67559890449047,12.121765119954944
7996903,1,111,1,156.53962162162162,6348.55,57.19414414414415,54.68562858179212,25.28599214740097
7998342,1,2,1,166.34199999999998,109.10000000000001,54.550000000000004,50.13094011694193,14.323586728423834
8000584,1,50,2,157.79384,3676.1666666666665,73.52333333333333,56.6619482,23.7506012
8070374,1,23,2,147.40147826086957,2150.3333333333335,93.4927536231884,13.805234748870134,100.50122086890042
8107339,0,245,5,148.88219591836733,18094.816666666666,73.85639455782312,44.240015,-94.980086
8170078,0,89,4,155.16977528089888,6740.933333333333,75.74082397003745,60.77569152228534,11.339153777807953
8221442,0,354,5,137.747,27621.016666666666,78.02547080979285,58.54222898371518,5.7435449212789536
8276277,0,646,9,144.17782972136223,41580.25,64.3657120743034,67.85158211365342,20.1967634819448
8280058,1,6,1,116.28833333333334,367.4,61.23333333333333,52.4372145,13.3891908
8280412,0,255,6,159.37298823529412,30782.483333333334,120.71562091503269,55.08757595904172,14.715151861310003
8281868,0,51,10,138.36596078431373,5065.383333333333,99.32124183006536,54.67515639960766,25.25334320962429
8294504,0,139,2,143.4585323741007,10449.85,75.17877697841728,57.15339540503919,24.87564886920154
8299100,0,58,2,145.70462068965517,6898.4,118.93793103448276,13.823547279462218,100.52946746349336
8306072,1,6,1,144.53,736.4000000000001,122.73333333333335,50.81994043663144,0.3751576412469148
8320391,0,161,1,141.12024844720497,16669.38333333333,103.53654244306416,18.02106700837612,-92.99172738566996
8349084,0,224,4,141.8859107142857,16374.133333333333,73.09880952380952,50.84635214880109,4.355793530121446
8353647,0,153,5,150.5808496732026,7805.816666666667,51.01840958605664,28.641486922279,77.12591288611293
8366159,1,20,2,145.0649,1790.0,89.5,37.9757698,-0.6802652
8369655,1,87,1,136.80413793103446,12398.316666666666,142.50938697318006,43.89761947095394,10.224348837509751
8372595,1,150,1,156.84459999999999,9828.566666666666,65.52377777777777,50.78229697421193,16.28003977239132
8378691,1,1,1,154.518,192.45,192.45,60.8977746963501,15.126600712537766
8438734,0,196,3,154.0970612244898,21287.666666666668,108.61054421768708,55.70426417514682,9.523322666063905
8446566,0,266,6,127.59006766917292,18432.65,69.29567669172933,56.77566594444215,10.176095310598612
8453120,1,120,2,133.47809999999998,12839.733333333334,106.99777777777778,41.04732974432409,-73.76025413163006
8467445,1,443,3,129.31441986455982,33605.066666666666,75.85793829947329,51.903796792030334,4.161410909146071
8484809,0,145,1,138.08725517241382,13283.766666666666,91.61218390804598,30.58303451165557,114.34297716245057
8535425,1,62,1,150.67209677419356,2652.4,42.78064516129032,51.0743061,17.0094513
8549297,0,242,3,151.48738016528927,21563.816666666666,89.10668044077134,13.708903966471553,100.78006247989832
8557955,1,56,2,161.31625,4652.05,83.07232142857143,52.39292065612972,16.96527862921357
8582302,1,31,1,143.8545806451613,1936.3833333333332,62.46397849462365,30.082130720838904,-81.71491392888129
8588224,1,37,3,120.80945945945946,1903.0166666666667,51.43288288288288,-31.3646109,-64.2016746
8605838,1,86,4,136.73067441860465,5151.333333333333,59.899224806201545,55.62387501820922,37.74282862432301
8615989,1,3,1,149.54933333333335,83.3,27.766666666666666,40.311592,-3.856039
8621055,0,226,4,130.766592920354,15488.55,68.53340707964601,50.09142086841166,14.471054412424564
8627235,1,2,1,157.633,131.48333333333335,65.74166666666667,47.58746149018407,6.128899483010173
8632256,0,290,2,151.2068206896552,24827.1,85.61068965517241,41.91279837861657,12.45444637723267
8662931,0,327,3,150.95874617737005,16809.3,51.4045871559633,53.24014641344547,19.381382083520293
8670360,1,37,1,91.82821621621622,6527.933333333333,176.43063063063065,-23.010996356606483,-43.33040904253721
8747440,1,72,2,157.45858333333334,4695.15,65.21041666666666,56.258421,9.875665
8765371,1,24,2,148.88075,1554.9333333333334,64.78888888888889,53.1527251,18.0228491
8767606,1,15,1,163.76853333333335,1083.8333333333333,72.25555555555555,38.63012759014964,-0.0428702495992183
8785331,0,216,4,154.04773148148146,22684.38333333333,105.02029320987653,33.610741049051285,-112.3874394223094
8799177,0,369,2,135.8111707317073,57883.11666666667,156.86481481481482,11.785542257130146,99.78360330685972
8875079,0,420,2,144.11403333333334,34379.183333333334,81.85519841269841,53.0103,18.605003
8888545,0,257,2,146.15442023346304,26234.88333333333,102.08125810635538,40.04932754673064,-75.5213010404259
8891785,1,43,3,111.86753488372094,5383.416666666667,125.19573643410854,54.402038574,18.569883347
8899244,0,53,6,161.0107924528302,3032.55,57.21792452830189,55.39811868220568,11.247410578653216
8923359,1,52,2,144.6111923076923,3154.7,60.66730769230769,55.8069674,12.4992299
8936532,1,1,1,153.886,41.0,41.0,41.67860196903348,-83.65469000302255
8972795,1,1,1,154.272,56.73333333333333,56.73333333333333,50.0386238,10.3263998
8974660,1,5,3,143.0656,437.9666666666667,87.59333333333333,57.00228737667203,9.943936038762333
8993175,1,53,2,152.00452830188678,3449.3166666666666,65.0814465408805,52.4575649946928,18.05487248115241
8994138,0,145,3,125.71666206896552,16197.6,111.70758620689655,39.45950098335743,8.731439933180809
8994885,1,311,1,150.16454019292604,29087.55,93.52909967845659,50.52661464549601,30.509882038459185
9008533,0,173,2,142.3846358381503,16924.166666666668,97.82755298651253,15.704788248986006,100.13099958188832
9010559,1,50,2,146.70428,2284.4,45.688,60.2846597,5.2865666
9051351,0,1024,4,134.578216796875,92389.01666666666,90.22364908854166,41.23470182530582,-96.07759988866746
9091497,1,115,1,113.65252173913045,8429.7,73.30173913043478,40.755340280011296,-111.83153819292784
9093986,1,22,1,118.19900000000001,701.3666666666667,31.88030303030303,-34.6115788,-58.3640442
9107441,1,21,3,150.05895238095238,1067.9166666666667,50.85317460317461,41.97818384505808,-91.66547250933944
9121329,1,228,3,135.5996403508772,28071.05,123.11864035087719,38.35786149837077,-80.42178416624665
9157551,1,127,1,163.4651181102362,7169.516666666666,56.45288713910761,40.466423369944096,-3.6874843575060368
9198615,1,56,1,162.6247857142857,3224.7833333333333,57.58541666666667,54.76273060776293,11.873238421976566
9221677,0,108,1,153.22551851851853,9421.033333333333,87.23179012345679,40.64021727070213,22.92162406258285
9225240,0,71,3,149.7349014084507,8346.516666666666,117.55657276995305,55.66240855492652,9.39397799782455
9232852,0,467,5,148.7724710920771,32131.8,68.80471092077087,52.34024710021913,20.93535709194839
9275291,0,55,2,144.1934909090909,4370.65,79.46636363636362,59.94202977977693,30.21936871111393
9280286,1,24,1,139.37775,1819.4833333333333,75.81180555555555,37.3395346943289,127.11638253182171
9286593,1,101,1,135.5498415841584,6717.233333333334,66.50726072607262,51.1244126,15.9152106
9295581,1,87,3,131.6647816091954,6125.65,70.40977011494252,42.34003094024956,-3.697092030197382
9299466,1,16,1,134.332125,2138.85,133.678125,38.86068189516664,-104.81795573607089
9313150,0,339,5,132.11275516224188,26263.933333333334,77.47472959685349,13.709410736337304,100.78053245320916
9335429,1,54,1,150.8632962962963,3197.0333333333333,59.20432098765432,50.7593643,19.1968001
9336459,0,205,3,157.72459512195124,17236.333333333332,84.07967479674797,48.10981649905443,11.512341080233456
9338715,0,331,3,146.1727915407855,43981.51666666666,132.87467270896272,13.710306,100.777634
9345869,0,295,4,140.91228474576272,18141.333333333332,61.49604519774011,56.93991704843938,24.1283027920872
9356728,0,7,2,124.274,685.05,97.86428571428571,55.658072009682655,9.669334832578896
9359950,1,1,1,167.488,36.36666666666667,36.36666666666667,50.0398862,18.6876667
9378990,1,6,1,136.981,561.5833333333333,93.59722222222221,50.6705255,4.6216018
9416488,1,23,1,141.43,2815.35,122.40652173913043,56.16495293565095,10.192499868571758
9422215,1,54,2,150.32266666666666,3609.633333333333,66.84506172839507,-23.330635,-51.1678819
9481945,1,6,1,159.88,380.8666666666667,63.47777777777778,50.34394472837448,18.768235640600324
9484057,0,76,5,147.76923684210524,4895.583333333333,64.41557017543859,54.585075750947,18.40905080549419
9484782,0,282,4,134.7906595744681,35196.38333333333,124.80986997635934,53.98426319472492,-1.069976594299078
9484963,1,71,2,139.03101408450704,10725.183333333332,151.0589201877934,53.99984263814986,-1.498100571334362
9508545,1,50,1,137.08476000000002,4514.05,90.281,57.5293137,25.3980247
9522694,1,43,1,147.32423255813953,3132.0333333333333,72.83798449612404,31.256844,121.37925
9525377,1,50,2,159.69588,3025.233333333333,60.504666666666665,49.988978,20.07722
9529949,1,122,2,135.28445901639344,12355.733333333334,101.27650273224044,38.94766191020608,-76.87184491194785
9571309,1,19,3,153.56684210526316,1157.5833333333333,60.925438596491226,53.6850198,21.5808827
9613679,1,59,4,160.20403389830508,5235.016666666666,88.72909604519774,55.6604581,12.489666
9622636,0,60,3,143.11876666666666,4665.4,77.75666666666666,48.965873,16.604648
9632922,1,19,2,131.65484210526316,1306.5166666666667,68.7640350877193,51.5338068,-0.088183
9655659,1,67,3,148.56268656716418,4124.633333333333,61.56169154228856,40.98694894462824,29.03480965644121
9656255,0,132,4,136.72442424242425,16432.916666666668,124.49179292929294,16.236557560041547,99.73408763296902
9691938,1,52,3,147.3571923076923,5700.5,109.625,40.60670197941363,-82.25861362181604
9732499,1,38,2,135.82794736842106,1624.0333333333333,42.737719298245615,50.03381506539881,19.900678284466267
9760872,1,89,2,131.57584269662922,8384.466666666667,94.20749063670412,55.40654961951077,12.174590891227126
9815069,1,77,1,131.90233766233766,11457.216666666667,148.79502164502165,40.53949336521328,-122.32442803680895
9838072,1,20,2,127.1762,2860.383333333333,143.01916666666665,42.0011598989,2.286280347
9882712,0,538,8,128.88700743494425,75638.65,140.59228624535314,42.30329557321966,-75.3969094902277
9889560,1,28,1,139.2772857142857,1830.0,65.35714285714286,55.66041793674231,12.619577329605818
9896935,1,3,1,153.556,584.0666666666666,194.68888888888887,37.91985056363046,127.71321083419024
9904679,1,370,2,141.04803783783782,22871.649999999998,61.81527027027026,33.07936007156968,-96.700729848817
9918949,1,1,1,153.972,42.45,42.45,51.046255,17.073223333333
9937628,0,189,4,141.09980952380954,10959.15,57.984920634920634,48.80198819562793,132.8994465339929
9956787,1,11,2,143.0127272727273,713.6166666666667,64.87424242424242,7.198626128956676,100.60564815066756
9959962,1,19,1,151.50094736842107,2096.5666666666666,110.34561403508772,50.02251123078168,20.233924984931942
9985340,1,104,6,158.35142307692306,9930.666666666666,95.48717948717947,56.95635530166328,24.107519276440144
9991401,1,6,1,166.80766666666668,453.71666666666664,75.61944444444444,51.12446403130889,16.99684202671051
10014612,1,7,1,142.73285714285714,461.01666666666665,65.85952380952381,55.661130314692855,12.147778607904913
10027353,1,139,2,122.49677697841726,24737.783333333333,177.96966426858512,29.772373298183084,-82.4718336481601
10028940,1,137,1,144.50265693430657,10582.583333333334,77.24513381995135,53.76327440142632,20.48939156346023
10057948,0,193,3,116.46258031088082,17961.15,93.06295336787565,20.650472966954112,-100.36019610241055
10099521,1,104,1,147.90996153846154,6327.633333333333,60.84262820512821,54.649035120382905,24.93120839819312
10099726,1,5,2,151.3632,440.7833333333333,88.15666666666667,42.96511388383806,-87.85871769301593
10122140,0,114,1,148.33156140350877,8350.283333333333,73.24809941520468,50.59263336472213,30.50028568133712
10177904,0,125,6,138.577152,9721.816666666666,77.77453333333332,40.0086529366672,116.38009445741773
10183747,1,2,1,141.062,225.23333333333335,112.61666666666667,35.89070445857942,-5.302163623273373
10198429,1,4,2,160.1345,173.75,43.4375,45.56386788,-73.65257953
10210063,0,61,1,104.63049180327869,14161.916666666666,232.1625683060109,40.58299443684518,-122.32200960628688
10312573,1,130,2,145.8896769230769,12378.933333333332,95.22256410256409,48.12768311239779,-123.473145570606
10344170,1,294,3,149.81480272108845,22518.833333333332,76.59467120181405,55.835316237062216,11.970482999458907
10367164,0,102,2,154.8682549019608,4345.466666666666,42.60261437908496,49.243891434744,28.426860496401787
10423727,1,1,1,137.922,284.3666666666667,284.3666666666667,37.671266,-119.584959
10481122,1,32,1,147.601625,3750.05,117.1890625,56.1261074244976,8.906410485506058
10503628,0,157,4,147.38885350318472,12998.533333333333,82.7932059447983,61.30346484482288,12.242313399910929
10536623,1,94,3,147.52808510638297,6221.816666666667,66.1895390070922,52.58444219827652,15.48907452262938
10562495,1,38,2,140.02952631578947,2762.9166666666665,72.70833333333333,52.464979,-1.96303
10568980,1,6,1,134.94033333333334,1113.1,185.51666666666665,55.660943733528256,12.47242589481175
10613102,0,20,4,114.7979,1609.9166666666665,80.49583333333332,13.904604809358716,100.40680116042496
10647023,1,46,3,144.2134347826087,4751.683333333333,103.29746376811595,37.8729495,-4.1846066
10705287,0,53,2,142.55516981132075,4280.733333333334,80.7685534591195,13.746588,100.696283
10719156,1,219,3,136.82623744292238,20408.216666666667,93.18820395738204,56.138726295903325,9.146414464339614
10726030,0,3,1,148.54866666666666,458.06666666666666,152.6888888888889,39.45665926672518,-0.3554614260792732
10779611,1,91,1,134.81026373626375,6318.416666666667,69.43315018315019,54.32583320885897,22.981231044977903
10808479,1,5,1,169.34480000000002,301.5333333333333,60.30666666666666,55.7050263,12.5756325
10815918,1,103,2,141.43436893203884,6977.633333333333,67.74401294498382,51.73755775205791,19.406578755006198
10821441,1,415,1,114.71296385542168,42966.066666666666,103.5326907630522,53.41349590569735,-2.5728065706789494
10841339,0,155,5,161.14750967741935,7420.05,47.87129032258065,50.53483637049794,21.19701270014048
10888294,1,2,1,120.28999999999999,216.8,108.4,50.0855193,19.9746198
10917968,0,50,3,145.08356,4711.983333333334,94.23966666666666,36.24413008801639,113.05721458978952
10921915,1,29,2,144.41172413793103,2471.833333333333,85.23563218390804,60.173348765820265,24.64977040886879
10927933,1,133,2,145.61372932330826,14383.016666666666,108.14298245614034,50.275954,19.010401
10943750,1,209,3,148.99995215311006,13202.766666666666,63.17113237639553,49.9872572,20.0642224
10981926,1,92,1,153.24467391304347,10095.0,109.72826086956522,59.345049262046814,17.994641801342368
10982349,1,99,3,120.64054545454546,11643.383333333333,117.60993265993265,-26.080475,27.945975
11002376,1,205,1,146.23011707317073,28263.733333333334,137.8718699186992,37.54560286179185,127.32873830012976
11026632,1,13,1,165.31323076923078,2245.733333333333,172.74871794871794,40.60723330825567,-7.765135914087295
11183643,1,30,1,140.74206666666666,1844.5833333333333,61.48611111111111,40.7509194,-3.9002684
11215534,0,102,2,133.87011764705883,13523.183333333332,132.58022875816994,18.787900926545262,98.99311414919794
11255266,0,223,1,124.62732735426009,24646.15,110.52085201793723,10.4998195823282,99.12933600135148
11258520,1,110,2,134.27554545454544,7608.433333333333,69.16757575757576,60.34129467,24.31424017
11258873,1,37,1,150.4992972972973,2892.0,78.16216216216216,51.02940226905048,17.146919332444668
11314348,0,20,1,162.4887,1847.2833333333333,92.36416666666666,35.463452618569136,-78.91350033693016
11326778,1,10,1,151.6616,554.0666666666666,55.40666666666666,56.9650783482939,24.228820502758023
11330346,0,61,1,157.95072131147543,5510.183333333333,90.3308743169399,55.44658561237157,11.78443232551217
11394885,1,28,5,153.41185714285714,2109.95,75.35535714285713,51.98411495424807,4.330976139754057
11421681,0,77,3,136.0458181818182,9820.566666666668,127.53982683982684,43.386458829045296,16.902435226365924
11494889,0,168,1,138.21039285714286,26835.65,159.7360119047619,13.119902266189456,100.94695262610912
11555239,1,209,1,140.41057416267944,30655.4,146.67655502392344,13.656146423891188,100.72343585081398
11606634,1,18,1,158.3418888888889,1244.1666666666665,69.12037037037037,55.84342187270522,12.03015728853643
11671598,1,52,3,138.7273846153846,7120.866666666667,136.93974358974359,37.30697175487876,-121.91400286741556
11675398,0,228,1,148.34049122807016,11487.266666666666,50.3827485380117,51.591759,-4.00134
11709807,1,168,1,138.47457142857144,23066.15,137.2985119047619,56.27161399461329,8.320522159337997
11737814,0,214,5,141.96281308411216,12190.216666666667,56.9636292834891,43.54375144466758,1.487886719405651
11777131,1,6,1,127.395,460.18333333333334,76.69722222222222,36.358973,-105.578745
11782156,0,154,2,146.330012987013,17034.733333333334,110.61515151515151,7.863826286047697,98.40087762102485
11784007,1,59,1,142.35220338983052,5929.983333333334,100.50819209039548,37.41142845712602,127.13008887134492
11822506,1,11,1,146.35854545454546,581.9499999999999,52.90454545454545,54.05446171760559,19.66945393010974
11825035,0,306,4,126.88656862745098,21300.75,69.61029411764706,37.979231,-1.13783
11884453,0,513,4,135.38964912280701,40348.51666666667,78.65207927225472,47.46976783499122,-0.4898854438215494
11889307,1,39,1,141.698,3631.3166666666666,93.11068376068376,51.65992112830281,0.4648168478161096
11917849,0,527,3,146.33179127134727,58905.38333333333,111.77492093611637,58.790356,5.71231
11925846,0,109,1,140.60495412844037,14455.6,132.62018348623855,19.90983643569052,99.83502737246454
11954853,1,12,1,139.40333333333334,685.0666666666667,57.088888888888896,54.970441,73.433078
11992223,1,62,2,167.33064516129033,3458.95,55.78951612903226,43.342236410826445,-1.8018786795437336
12049619,1,16,1,166.672,1261.5833333333333,78.84895833333333,46.3321355,18.6986427
12064359,0,13,1,134.6169230769231,2146.5666666666666,165.12051282051283,35.26177832856774,136.95252863690257
12074235,1,22,1,141.94036363636363,1291.2833333333333,58.69469696969697,59.27688997238874,11.115624094381928
12080152,0,196,6,136.22873469387756,14237.333333333334,72.63945578231292,38.717069467529655,-77.81812481582165
12087190,0,100,1,154.74692,7659.466666666666,76.59466666666667,51.399850538000464,21.17319284006953
12092082,1,39,2,150.39538461538461,3895.5333333333333,99.88547008547009,52.16509985737503,20.808061715215445
12175120,0,378,1,152.60166666666666,20691.2,54.73862433862434,44.81375302188098,-0.5729774292558432
12200275,0,557,2,139.1931131059246,54010.183333333334,96.96621783363256,18.68856933899224,98.94207791425288
12202944,0,120,3,132.79296666666667,8065.816666666667,67.21513888888889,13.70941735804081,100.78059892170133
12254822,0,119,2,142.98238655462183,14159.25,118.98529411764706,13.710083551704884,100.7804548367858
12309239,1,241,2,125.72824896265561,27036.25,112.18360995850622,37.50116880051792,126.98674097657204
12341489,1,67,1,146.21674626865672,8446.8,126.07164179104477,13.707339484244583,100.7690966874361
12362801,1,38,2,155.83768421052633,2411.483333333333,63.46008771929824,48.76448093913496,44.49785920791328
12406103,1,93,1,155.98686021505375,7031.883333333333,75.61164874551972,51.34388146921992,21.174217779189348
12420980,0,94,3,144.79265957446808,13784.416666666666,146.6427304964539,50.77992933802307,14.744458012282848
12428041,1,3,1,166.10666666666665,199.7,66.56666666666666,55.164068872109056,10.56713598780334
12466397,1,27,1,153.9968148148148,2272.4,84.16296296296296,51.2849129,0.5525295
12537176,1,197,5,143.86105583756344,16013.316666666666,81.28587140439932,48.7133699,7.0990523
12555443,1,20,1,155.7546,1937.5666666666666,96.87833333333333,-7.142551280558109,-34.81437161564827
12563086,1,60,2,134.91496666666666,4047.3,67.455,20.5056852,-87.2300959
12615249,0,130,2,149.89695384615385,8759.75,67.38269230769231,39.94560359045863,-0.0940151140093803
12635957,0,98,2,148.23734693877552,4287.983333333334,43.754931972789116,35.60766183771193,-80.7780463155359
12645302,1,100,1,134.54904,15238.766666666666,152.38766666666666,46.124082366004586,14.61521778255701
12649708,1,51,1,161.20725490196077,3063.2,60.062745098039215,-7.117760041728616,-34.853239841759205
12694193,1,7,2,163.54771428571425,478.34999999999997,68.33571428571427,51.78070100024343,19.45103293284774
12726303,0,147,3,147.88613605442177,16090.983333333334,109.4624716553288,55.742821684107184,9.537179209291937
12747276,1,94,2,154.34725531914893,5530.866666666667,58.839007092198585,50.97148030065,16.930267587304115
12747285,1,10,1,136.2374,1553.55,155.355,38.51184720173478,-0.2083159424364566
12751232,1,21,2,146.87761904761905,2352.4500000000003,112.02142857142859,13.6071303114295,99.66214852407576
12753836,0,127,4,153.4755275590551,7239.75,57.00590551181102,55.632662354037166,12.029150789603593
12783742,0,106,1,148.53988679245282,6084.583333333333,57.401729559748425,22.316238339990377,114.27008603699504
12830822,0,75,3,143.18621333333334,6671.083333333333,88.94777777777777,60.24380017071962,24.885031236335635
12854825,1,54,2,156.26466666666667,3197.6,59.214814814814815,43.310912,5.515709
12908326,0,316,3,133.4605063291139,35999.23333333333,113.92162447257382,13.668241174891593,100.63992158509792
12911993,1,11,1,0.0,520.15,47.28636363636363,52.228271484,5.177553177
12913419,0,214,4,124.25854205607477,10922.25,51.03855140186916,39.47821,-8.465775
12974391,1,67,3,129.32901492537314,5867.5,87.57462686567165,43.0271952,-89.3439795
12988738,1,40,1,155.5129,2535.65,63.39125,54.7171198,11.7810381
13005985,1,52,1,149.62057692307692,3007.883333333333,57.843910256410254,45.06958848796785,7.474284209311008
13088747,1,3,2,158.43733333333333,322.3666666666667,107.45555555555556,51.85156957246363,19.62802855297923
13099479,1,19,3,135.88957894736842,2933.366666666667,154.38771929824563,-6.108420146629214,106.748735178262
13149722,0,662,8,110.39891238670695,48120.21666666667,72.68914904330312,50.08680160157383,14.375044405460358
13165320,0,239,2,140.70099581589957,17698.916666666668,74.05404463040446,61.65054176934064,10.10896154679358
13219437,1,13,3,149.31107692307694,1892.75,145.59615384615384,37.30349619872868,127.40577260032296
13265402,1,402,1,145.08659701492536,33348.166666666664,82.95563847429518,37.48829763382673,126.91388681530952
13276532,1,48,2,158.46083333333334,3727.05,77.64687500000001,45.074652498587966,7.567438585683703
13279851,1,151,4,145.4513774834437,10058.2,66.61059602649007,47.0765506,7.3063212
13303518,0,538,2,120.25024535315984,55746.03333333333,103.61716232961587,13.93129337579012,100.45558425597848
13305991,1,16,2,133.779875,1477.4333333333334,92.33958333333334,52.2002373,21.151646
13310164,0,244,2,132.36975409836066,32708.25,134.0502049180328,13.709107143804433,100.78020656481384
13338915,1,125,2,154.45068799999999,8871.65,70.97319999999999,52.078837165609,16.63781275972724
13369299,1,19,1,152.844,1497.2166666666667,78.80087719298245,43.6099024,7.0147989
13372869,1,49,1,155.309306122449,3861.05,78.79693877551021,45.726977,12.120293
13389154,1,60,1,154.288,4223.65,70.39416666666666,55.3979388,10.3472046
13406764,1,153,2,164.22471895424837,4683.95,30.6140522875817,18.157350132241845,-94.4175092317164
13468836,1,34,1,141.01605882352942,5144.066666666667,151.29607843137254,37.38438449800015,126.9696329254657
13469928,0,141,3,145.94287943262412,9696.733333333334,68.77115839243498,55.6246101949364,12.190591609105468
13560443,1,179,5,148.35959776536313,14433.6,80.63463687150838,59.38274586573243,24.231111528351903
13564468,0,117,4,141.45162393162394,11053.45,94.47393162393163,-22.601826461032037,17.11000836454332
13577416,0,490,3,138.55482857142857,26139.35,53.34561224489796,53.409077,-6.237481
13581902,1,14,1,131.81242857142857,2248.083333333333,160.57738095238093,59.52263521961868,17.918158611282706
13619220,1,98,4,146.82214285714286,8438.116666666667,86.10323129251701,59.90240978077054,30.269397692754865
13657138,0,158,1,149.27113924050633,11173.0,70.71518987341773,50.338926147669554,18.70182406157255
13668730,1,82,4,110.28612195121951,5324.55,64.93353658536586,56.775852,10.17606
13681949,1,67,2,140.5413432835821,7952.15,118.68880597014925,13.6500002,100.7469732
13693003,0,356,4,137.27280337078653,31023.216666666667,87.1438670411985,52.44115465320647,-0.2804799377918243
13702299,1,3,1,159.46266666666665,187.6,62.53333333333333,31.21313637122512,121.54639120213687
13705737,1,10,2,179.3722,1096.8999999999999,109.68999999999998,52.05478688701987,-0.8529475796967745
13779308,1,15,4,131.55,1316.0333333333333,87.73555555555555,55.49566735513508,9.465082017704844
13831483,0,93,3,143.41681720430105,7061.433333333333,75.92939068100358,59.39610938541591,17.86883521825075
13832621,1,61,1,152.52573770491801,6971.5,114.28688524590164,-22.423449251800776,-44.29247282445431
13840816,1,33,3,143.5203636363636,5646.55,171.10757575757577,59.30204037576914,18.03018475882709
13854891,0,159,2,135.83911949685535,20246.516666666666,127.33658280922431,56.70767865143716,8.984477771446109
13859471,0,223,3,143.56234080717488,14606.233333333334,65.49880418535128,58.89074072241783,5.713818417862058
13929011,1,59,1,146.9631186440678,4377.883333333333,74.20141242937854,35.14709469862282,128.70000424794853
14018941,1,32,1,141.66875,1674.0666666666666,52.31458333333333,52.3560558,9.7443467
14039377,1,39,1,137.65948717948717,3648.45,93.55,58.96725442260504,5.759018501266837
14052192,1,4,3,153.622,236.01666666666668,59.00416666666667,58.12752669677138,11.713739102706311
14066832,0,770,3,129.3447168831169,91063.46666666666,118.26424242424241,7.935552,98.385252
14083711,1,14,1,155.85185714285714,778.9666666666667,55.64047619047619,-23.002807656303048,-43.32753706723452
14111843,0,22,1,152.00854545454547,1917.1833333333334,87.14469696969697,52.16628204099834,21.22501370497048
14122572,1,3,1,160.76266666666666,322.18333333333334,107.39444444444445,-38.025063229724765,177.30155331082642
14176671,0,595,2,124.56668571428571,35923.38333333333,60.37543417366946,13.724686,100.537823
14185532,0,206,2,128.02723300970874,22771.55,110.54150485436892,43.22570331394672,0.4073388688266277
14200462,1,22,1,144.45945454545455,1682.3166666666666,76.4689393939394,58.846449153497815,5.779013279825449
14204020,0,431,4,139.35754524361948,38872.183333333334,90.19068058778036,14.07905425876379,100.6035028025508
14214568,0,221,1,139.61031674208147,30471.3,137.879185520362,12.675449419766665,102.02965646982192
14215655,0,36,2,146.9032222222222,3629.3666666666663,100.81574074074074,52.223176,21.358661
14244423,1,79,3,144.58298734177217,4550.133333333333,57.596624472573836,50.02800749614835,19.922196976840496
14255438,0,264,3,155.38072727272728,28093.216666666667,106.4136994949495,33.51100277155638,-112.35237867571414
14320047,0,46,1,143.0601304347826,4423.533333333334,96.16376811594203,13.90817985869944,100.45027834363282
14320131,1,7,1,138.0,217.8,31.114285714285717,50.842862,16.488026
14370069,1,46,1,138.2221739130435,3057.983333333333,66.47789855072463,42.48544665053487,-1.6484556533396244
14394432,1,55,1,139.1801090909091,3177.4166666666665,57.771212121212116,56.44524184986949,9.447659058496356
14544270,0,298,4,156.7869798657718,18309.95,61.44278523489933,51.605394668877125,18.917280798777934
14671923,0,137,2,153.16344525547444,7979.616666666667,58.24537712895377,52.00527833774686,5.928042428568006
14779650,1,38,2,170.10284210526316,1870.4499999999998,49.22236842105263,1.2829411402344704,103.87652945704758
15279967,1,25,1,149.88016,2088.616666666667,83.54466666666667,48.8816318,2.2684432
15326644,1,20,1,154.8538,1376.6,68.83,55.47364172525704,9.140484938398004
15481421,1,43,2,149.6294418604651,1552.7166666666667,36.10968992248062,41.614373,-4.748417
